Date,AMZN,FB,CMCSA,GOOGL,BA,LMT,T,NOC,RTX,ABT
2018-01-01,0,0,0,0,0,32275,0,0,0,40000
2018-01-02,0,0,0,0,0,0,0,0,30000,0
2018-01-03,0,0,50000,0,0,0,0,0,0,0
2018-01-04,0,0,0,0,0,0,0,0,40000,0
2018-01-05,0,0,22500,0,20000,0,0,0,0,0
2018-01-06,0,0,45000,0,0,0,0,0,0,0
2018-01-07,0,0,0,0,0,0,0,0,0,0
2018-01-08,0,0,0,0,0,10000,40000,0,0,0
2018-01-09,0,0,0,30000,0,12000,0,0,0,0
2018-01-10,70000,0,50000,0,0,0,0,0,0,0
2018-01-11,0,0,40000,0,0,0,40000,0,0,0
2018-01-12,0,0,80000,0,0,0,0,0,0,0
2018-01-13,0,0,0,0,0,18000,0,0,0,0
2018-01-14,0,0,0,0,0,0,0,0,0,0
2018-01-15,0,0,40000,0,0,0,30000,0,0,0
2018-01-16,0,0,0,150000,20000,15000,90000,60000,0,0
2018-01-17,110000,0,50000,30000,0,20000,80000,37500,0,0
2018-01-18,80000,0,275500,220000,0,37500,215000,0,0,0
2018-01-19,150000,0,315000,215000,4365000,310000,300000,110000,180000,50000
2018-01-20,0,0,100000,80000,80000,20000,50000,0,0,0
2018-01-21,50000,0,90000,0,60000,0,80000,50000,0,0
2018-01-22,3520000,0,5350000,4810000,470000,7450000,4035000,3080000,3590000,1930000
2018-01-23,0,0,0,0,0,0,50000,0,0,0
2018-01-24,0,0,0,0,0,60000,0,30000,15000,0
2018-01-25,0,0,0,60000,0,0,0,0,0,0
2018-01-26,0,0,0,0,0,0,30000,0,0,0
2018-01-27,0,0,0,0,0,0,0,0,0,0
2018-01-28,0,0,0,0,0,0,0,0,0,0
2018-01-29,0,0,0,40000,0,0,360000,0,0,0
2018-01-30,0,0,0,270000,0,0,0,0,0,0
2018-01-31,0,0,0,0,0,0,0,0,0,0
2018-02-01,0,0,0,0,0,0,0,0,0,0
2018-02-02,0,0,0,0,0,0,0,0,0,0
2018-02-03,0,0,0,0,0,0,0,0,0,0
2018-02-04,0,0,0,0,0,0,0,0,0,0
2018-02-05,0,0,0,0,0,0,0,0,0,0
2018-02-06,0,0,0,0,0,0,0,0,0,0
2018-02-07,0,0,0,0,0,0,0,0,0,0
2018-02-08,0,0,0,0,0,0,0,0,0,0
2018-02-09,0,0,0,0,0,0,0,0,0,0
2018-02-10,0,0,0,0,0,0,0,0,0,0
2018-02-11,0,0,0,0,0,0,0,0,0,0
2018-02-12,0,0,0,0,0,0,0,0,0,0
2018-02-13,0,0,0,0,0,0,0,0,0,0
2018-02-14,0,0,0,0,0,0,0,0,0,0
2018-02-15,0,0,0,0,0,0,0,0,0,0
2018-02-16,0,0,0,0,0,0,0,0,0,0
2018-02-17,0,0,0,0,0,0,0,0,0,0
2018-02-18,0,0,0,0,0,0,0,0,0,0
2018-02-19,0,0,0,0,0,0,0,0,0,0
2018-02-20,0,0,0,0,0,0,0,0,0,0
2018-02-21,0,0,0,0,0,0,0,0,0,0
2018-02-22,0,0,0,0,0,0,0,0,0,0
2018-02-23,0,0,0,10000,0,0,0,0,0,0
2018-02-24,0,0,0,0,0,0,0,0,0,0
2018-02-25,0,0,0,0,0,0,0,0,0,0
2018-02-26,0,0,0,0,0,0,0,0,0,0
2018-02-27,0,0,0,0,0,0,0,0,0,0
2018-02-28,0,0,0,0,0,0,0,0,0,0
2018-03-01,0,0,0,0,50000,0,100000,0,60000,0
2018-03-02,0,0,0,0,0,0,0,0,0,0
2018-03-03,0,0,0,0,0,0,0,0,0,0
2018-03-04,0,0,0,0,0,0,0,0,0,0
2018-03-05,0,0,0,0,0,0,0,0,0,0
2018-03-06,0,0,0,0,0,0,0,0,0,0
2018-03-07,0,0,0,0,0,0,0,0,0,0
2018-03-08,0,0,0,0,0,0,0,0,0,0
2018-03-09,0,0,0,0,50000,0,0,0,0,0
2018-03-10,0,0,0,0,0,0,0,0,0,0
2018-03-11,0,0,0,0,0,0,0,0,0,0
2018-03-12,0,0,0,0,0,0,0,0,0,0
2018-03-13,0,0,0,0,0,0,0,0,0,0
2018-03-14,0,0,0,0,0,0,0,0,0,0
2018-03-15,0,0,0,0,0,0,0,0,0,0
2018-03-16,0,0,0,0,0,0,0,0,0,0
2018-03-17,0,0,0,0,0,0,0,0,0,0
2018-03-18,0,0,0,0,0,0,0,0,0,0
2018-03-19,0,0,0,0,0,0,0,0,0,0
2018-03-20,0,0,0,0,0,0,0,0,0,0
2018-03-21,0,0,0,0,0,0,0,0,0,0
2018-03-22,0,0,0,0,0,0,0,0,0,0
2018-03-23,0,0,0,0,0,0,0,0,0,0
2018-03-24,0,0,0,0,0,0,0,0,0,0
2018-03-25,0,0,0,0,0,0,67500,0,0,0
2018-03-26,0,0,0,0,0,0,0,0,0,0
2018-03-27,0,0,0,0,0,0,0,0,0,0
2018-03-28,0,0,0,0,0,0,0,0,0,0
2018-03-29,0,0,0,0,0,0,0,0,0,0
2018-03-30,0,0,0,0,0,0,0,0,0,0
2018-03-31,0,0,0,0,0,0,0,0,0,0
2018-04-01,0,0,0,0,0,0,0,0,0,0
2018-04-02,0,0,0,60000,0,0,0,0,0,0
2018-04-03,0,0,0,0,0,0,0,0,0,0
2018-04-04,0,0,30000,0,0,15000,0,0,0,0
2018-04-05,0,0,70000,0,0,0,0,0,30000,0
2018-04-06,0,0,0,0,0,0,0,0,0,0
2018-04-07,0,0,0,0,0,25570,0,0,0,0
2018-04-08,0,0,45000,0,0,0,0,0,0,0
2018-04-09,0,0,87500,30000,0,0,0,0,0,0
2018-04-10,0,0,0,0,0,15000,0,0,0,0
2018-04-11,0,0,50000,0,0,10000,30000,0,0,0
2018-04-12,0,0,63000,0,0,0,45000,0,0,0
2018-04-13,0,0,80000,0,0,0,0,0,0,0
2018-04-14,0,0,0,0,0,0,60000,0,0,0
2018-04-15,0,0,0,0,0,18000,0,0,0,0
2018-04-16,80000,0,0,60000,0,0,40000,0,0,0
2018-04-17,80000,0,0,150000,20000,20000,50000,0,55000,0
2018-04-18,0,0,290000,125000,20000,60000,130000,130000,50000,0
2018-04-19,200000,0,417500,250000,225000,140000,360000,107500,40000,280000
2018-04-20,3570000,0,5172000,5490000,4190000,3595000,4660000,4570000,5480000,820000
2018-04-21,0,0,10000,30000,0,0,0,0,0,0
2018-04-22,0,0,0,0,0,0,30000,0,0,0
2018-04-23,0,0,0,0,0,0,0,0,0,0
2018-04-24,0,0,0,0,0,0,0,0,0,0
2018-04-25,0,0,0,0,0,0,0,0,0,0
2018-04-26,0,0,0,0,0,0,0,0,0,0
2018-04-27,0,0,0,0,0,0,0,0,0,0
2018-04-28,0,0,0,0,0,0,0,0,0,0
2018-04-29,0,0,0,0,0,0,0,0,0,0
2018-04-30,0,0,0,0,0,0,0,0,0,0
2018-05-01,0,0,0,0,0,0,0,0,0,0
2018-05-02,0,0,0,0,0,0,0,0,0,0
2018-05-03,0,0,0,0,0,0,0,0,0,0
2018-05-04,0,0,0,0,0,0,0,0,0,0
2018-05-05,0,0,0,0,0,0,0,0,0,0
2018-05-06,0,0,0,0,0,0,0,0,0,0
2018-05-07,0,0,0,0,0,0,50000,0,0,0
2018-05-08,0,0,0,0,0,0,0,0,0,0
2018-05-09,0,0,0,0,0,0,0,0,0,0
2018-05-10,0,0,0,0,0,0,0,0,0,0
2018-05-11,0,0,0,0,0,0,0,0,0,0
2018-05-12,0,0,0,0,0,0,0,0,0,0
2018-05-13,0,0,0,0,0,0,0,0,0,0
2018-05-14,0,0,0,0,0,0,0,0,0,0
2018-05-15,0,0,0,0,0,0,0,0,0,0
2018-05-16,0,0,0,0,0,0,0,0,0,0
2018-05-17,0,0,0,0,0,0,0,0,0,0
2018-05-18,0,0,0,0,0,0,0,0,0,0
2018-05-19,0,0,0,0,0,0,0,0,0,0
2018-05-20,0,0,0,0,0,0,0,0,0,0
2018-05-21,0,0,0,0,0,0,0,0,0,0
2018-05-22,0,0,0,0,0,0,0,0,0,0
2018-05-23,0,0,0,40000,0,0,0,0,0,0
2018-05-24,0,0,0,0,0,0,0,0,0,0
2018-05-25,0,0,0,0,0,0,0,0,0,0
2018-05-26,0,0,0,0,0,0,0,0,0,0
2018-05-27,0,0,0,0,0,0,0,0,0,0
2018-05-28,0,0,0,0,0,0,0,0,0,0
2018-05-29,0,0,0,0,0,0,0,0,0,0
2018-05-30,0,0,0,0,0,30000,0,0,0,0
2018-05-31,0,0,0,0,0,0,0,0,0,0
2018-06-01,0,0,0,0,0,0,0,0,0,0
2018-06-02,0,0,0,0,0,0,0,0,0,0
2018-06-03,0,0,0,0,0,0,0,0,0,0
2018-06-04,0,0,0,0,0,0,0,0,0,0
2018-06-05,0,0,0,0,0,0,0,0,0,0
2018-06-06,0,0,0,0,0,0,0,0,0,0
2018-06-07,0,0,0,0,0,0,0,0,0,0
2018-06-08,0,0,0,0,0,0,0,0,0,0
2018-06-09,0,0,0,0,0,0,0,0,0,0
2018-06-10,0,0,0,0,0,0,0,0,0,0
2018-06-11,0,0,0,0,0,0,0,0,0,0
2018-06-12,0,0,0,0,0,0,0,0,0,0
2018-06-13,0,0,0,0,0,0,0,0,0,0
2018-06-14,0,0,0,0,0,0,0,0,0,0
2018-06-15,0,0,0,0,0,0,0,0,0,0
2018-06-16,0,0,0,0,0,0,0,0,0,0
2018-06-17,0,0,0,0,0,0,0,0,0,0
2018-06-18,0,0,0,0,0,0,0,0,0,0
2018-06-19,0,0,0,0,0,0,0,0,0,0
2018-06-20,0,0,0,0,0,0,0,0,0,0
2018-06-21,0,0,0,0,0,0,0,0,0,0
2018-06-22,0,0,0,0,0,0,0,0,0,0
2018-06-23,0,0,0,0,0,0,0,0,0,0
2018-06-24,0,0,0,0,0,0,67500,0,0,0
2018-06-25,0,0,0,0,0,0,0,0,0,0
2018-06-26,0,0,45000,0,0,0,0,0,0,0
2018-06-27,0,0,0,0,0,0,0,0,0,0
2018-06-28,0,0,30000,0,0,0,0,0,0,0
2018-06-29,0,0,0,0,0,0,0,0,0,0
2018-06-30,0,0,0,0,0,0,0,0,0,0
2018-07-01,0,0,0,0,0,0,0,0,0,0
2018-07-02,0,0,30000,0,0,0,0,0,30000,0
2018-07-03,0,0,22500,0,0,12000,0,0,0,0
2018-07-04,0,0,0,0,0,0,0,0,0,0
2018-07-05,0,0,0,0,0,0,0,0,0,0
2018-07-06,0,0,0,0,0,0,0,0,0,90000
2018-07-07,0,0,0,0,0,0,0,0,0,0
2018-07-08,0,0,0,0,0,18000,0,0,0,0
2018-07-09,0,0,40000,0,0,30541,0,0,0,0
2018-07-10,0,0,0,0,0,0,0,0,0,0
2018-07-11,0,0,0,0,0,0,0,0,40000,0
2018-07-12,0,0,70000,90000,0,0,0,0,0,0
2018-07-13,0,0,0,60000,0,0,0,0,0,0
2018-07-14,0,0,0,0,0,0,0,0,0,0
2018-07-15,0,0,0,0,0,0,0,0,0,0
2018-07-16,0,0,40000,0,0,40000,80000,137500,0,40000
2018-07-17,70000,0,172500,30000,25000,65000,50000,0,0,0
2018-07-18,140000,0,110000,120000,0,50000,200000,50000,0,20000
2018-07-19,60000,0,640000,415000,40000,160000,330000,110000,120000,100000
2018-07-20,3530000,30000,4388000,6310000,4535000,3520000,5155000,2390000,3670000,940000
2018-07-21,0,0,0,0,80000,0,0,0,60000,0
2018-07-22,0,0,0,0,0,0,0,0,0,0
2018-07-23,0,0,0,5830000,0,0,50000,0,0,0
2018-07-24,0,0,0,0,0,0,20000,0,30000,0
2018-07-25,0,0,0,0,0,0,0,0,0,0
2018-07-26,0,0,0,0,0,0,0,0,0,0
2018-07-27,0,0,0,0,0,0,0,0,0,0
2018-07-28,0,0,0,0,0,0,0,0,0,0
2018-07-29,0,0,0,0,0,0,0,0,0,0
2018-07-30,0,0,0,0,0,0,0,0,0,0
2018-07-31,50000,0,0,0,0,0,0,0,0,0
2018-08-01,0,0,0,0,0,0,0,0,0,0
2018-08-02,0,0,0,0,0,0,0,0,0,0
2018-08-03,0,0,0,0,0,0,0,0,0,0
2018-08-04,0,0,0,0,0,0,0,0,0,0
2018-08-05,0,0,0,0,0,0,0,0,0,0
2018-08-06,0,0,0,0,0,0,0,0,0,0
2018-08-07,0,0,0,37500,0,0,0,0,0,0
2018-08-08,0,0,0,0,0,0,0,0,0,0
2018-08-09,0,0,0,0,0,0,0,0,0,0
2018-08-10,0,0,0,0,0,0,0,0,0,0
2018-08-11,0,0,0,0,0,0,0,0,0,0
2018-08-12,0,0,0,0,0,0,0,0,0,0
2018-08-13,0,0,0,0,0,0,0,0,0,0
2018-08-14,0,0,0,0,0,0,0,0,0,0
2018-08-15,0,0,0,0,0,0,0,0,0,0
2018-08-16,0,0,0,0,0,0,0,0,0,0
2018-08-17,0,0,0,0,0,0,0,0,0,0
2018-08-18,0,0,0,0,0,0,0,0,0,0
2018-08-19,0,0,0,0,0,0,0,0,0,0
2018-08-20,0,0,0,0,0,0,0,0,0,0
2018-08-21,0,0,0,0,0,0,0,0,0,0
2018-08-22,0,0,0,0,0,0,0,0,0,0
2018-08-23,0,0,0,0,0,0,0,100000,0,0
2018-08-24,0,0,0,0,0,0,0,0,0,0
2018-08-25,0,0,0,0,0,0,0,0,0,0
2018-08-26,0,0,0,0,0,0,0,0,0,0
2018-08-27,0,0,0,0,0,0,0,0,0,0
2018-08-28,0,0,0,0,0,0,0,0,0,0
2018-08-29,0,0,0,0,0,0,0,0,0,0
2018-08-30,0,0,0,0,0,0,0,0,0,0
2018-08-31,0,0,0,0,0,0,0,0,0,0
2018-09-01,0,0,0,0,0,0,0,0,0,0
2018-09-02,0,0,0,0,0,0,0,0,0,0
2018-09-03,0,0,0,0,0,0,0,0,0,0
2018-09-04,0,0,0,0,0,0,0,0,0,0
2018-09-05,0,0,0,0,0,0,0,0,0,0
2018-09-06,0,0,0,0,0,0,0,0,0,0
2018-09-07,0,0,0,0,0,0,0,0,0,0
2018-09-08,0,0,0,0,0,0,0,0,0,0
2018-09-09,0,0,0,0,0,0,0,0,0,0
2018-09-10,0,0,0,0,0,0,0,0,0,0
2018-09-11,0,0,0,0,0,0,0,0,0,0
2018-09-12,0,0,0,0,0,0,0,0,0,0
2018-09-13,0,0,0,0,0,0,0,0,0,0
2018-09-14,0,0,0,0,0,3790000,0,0,0,0
2018-09-15,0,0,0,0,0,0,0,0,0,0
2018-09-16,0,0,0,0,0,0,0,0,0,0
2018-09-17,0,0,0,0,0,0,0,0,0,0
2018-09-18,0,0,0,0,0,0,0,0,0,0
2018-09-19,0,0,0,0,0,0,0,0,0,0
2018-09-20,0,0,0,0,0,0,0,0,0,0
2018-09-21,0,0,0,0,0,0,0,0,0,0
2018-09-22,0,0,0,0,0,0,0,0,0,0
2018-09-23,0,0,0,0,0,0,0,0,0,0
2018-09-24,0,0,0,0,0,0,0,0,0,0
2018-09-25,0,0,0,0,0,0,0,0,0,0
2018-09-26,0,0,0,0,0,0,0,0,0,0
2018-09-27,0,0,0,0,0,0,0,0,0,0
2018-09-28,0,0,0,0,0,3140000,0,0,0,0
2018-09-29,0,0,0,0,0,0,0,0,0,0
2018-09-30,0,0,0,0,0,0,0,0,0,0
2018-10-01,0,0,30000,0,0,31450,117500,0,0,0
2018-10-02,0,0,0,0,0,0,0,0,0,0
2018-10-03,0,0,0,0,50000,0,0,0,0,0
2018-10-04,0,0,0,0,0,0,0,0,0,0
2018-10-05,0,0,20000,0,0,12000,0,0,0,0
2018-10-06,0,0,0,0,0,0,0,0,0,0
2018-10-07,0,0,45000,0,0,0,0,0,0,0
2018-10-08,0,0,22500,0,0,0,0,0,0,0
2018-10-09,0,0,0,70000,0,18000,60000,0,0,0
2018-10-10,0,0,100000,0,0,0,0,0,0,0
2018-10-11,0,0,30000,0,0,0,0,0,40000,0
2018-10-12,90000,0,0,30000,0,3680000,40000,0,0,0
2018-10-13,0,0,0,0,0,0,0,0,0,0
2018-10-14,0,0,0,0,0,0,0,0,0,0
2018-10-15,0,0,10000,0,0,0,0,0,50000,0
2018-10-16,0,0,45000,0,0,0,50000,0,0,50000
2018-10-17,0,0,80000,200000,0,50000,50000,50000,0,40000
2018-10-18,130000,0,390000,140000,30000,90000,100000,66000,70000,50000
2018-10-19,110000,140000,355000,255000,240000,150000,130000,147500,20000,90000
2018-10-20,0,0,102500,0,30000,45000,80000,0,0,0
2018-10-21,0,30000,370000,60000,0,30000,120000,0,0,50000
2018-10-22,3630000,3030000,3933000,5820000,4220000,3350000,4522500,2710000,2875000,740000
2018-10-23,0,45000,0,80000,0,0,0,0,0,0
2018-10-24,0,0,40000,0,0,0,0,0,0,0
2018-10-25,0,0,0,0,0,0,0,0,0,0
2018-10-26,0,0,0,0,0,0,0,0,0,0
2018-10-27,0,0,0,0,0,0,0,0,0,0
2018-10-28,0,0,0,0,0,0,0,0,0,0
2018-10-29,0,0,0,0,0,0,0,0,5000,0
2018-10-30,0,0,0,0,0,0,0,0,0,0
2018-10-31,0,0,0,0,0,0,0,0,0,0
2018-11-01,0,0,0,0,0,0,0,0,0,0
2018-11-02,0,0,0,0,0,0,0,0,0,0
2018-11-03,0,0,0,0,0,0,0,0,0,0
2018-11-04,0,0,0,0,0,0,0,0,0,0
2018-11-05,0,0,0,0,0,0,0,0,0,0
2018-11-06,0,0,0,0,0,0,0,0,0,0
2018-11-07,0,0,0,0,0,0,0,0,0,0
2018-11-08,0,0,0,0,0,0,0,0,0,0
2018-11-09,0,0,0,0,0,3510000,0,0,0,0
2018-11-10,0,0,0,0,0,0,0,0,0,0
2018-11-11,0,0,0,0,0,0,0,0,0,0
2018-11-12,0,0,0,0,0,0,50000,0,0,0
2018-11-13,0,0,0,0,0,0,0,0,0,0
2018-11-14,0,0,0,0,0,0,0,0,0,0
2018-11-15,0,0,0,0,0,0,0,0,0,0
2018-11-16,0,0,0,0,0,0,0,0,0,0
2018-11-17,0,0,0,0,0,0,0,0,0,0
2018-11-18,0,0,0,0,0,0,0,0,0,0
2018-11-19,0,0,0,0,0,0,0,0,0,0
2018-11-20,0,0,0,0,0,0,0,0,0,0
2018-11-21,0,0,0,0,0,0,0,0,0,0
2018-11-22,0,0,0,0,0,0,0,0,0,0
2018-11-23,0,0,0,0,0,0,0,0,0,0
2018-11-24,0,0,0,0,0,0,0,0,0,0
2018-11-25,0,0,0,0,0,0,0,0,0,0
2018-11-26,0,0,0,0,0,0,0,0,0,0
2018-11-27,0,0,0,0,0,0,0,0,0,0
2018-11-28,0,0,0,0,0,0,0,0,0,0
2018-11-29,0,0,0,0,0,0,0,0,0,0
2018-11-30,0,0,0,0,0,3320000,0,0,0,0
2018-12-01,0,0,0,0,0,0,0,0,0,0
2018-12-02,0,0,0,0,0,0,0,0,0,0
2018-12-03,0,0,0,0,0,0,0,0,0,0
2018-12-04,0,0,0,0,0,0,0,0,0,0
2018-12-05,0,0,0,0,0,0,0,0,0,0
2018-12-06,0,0,0,0,0,0,0,0,0,0
2018-12-07,0,0,0,0,0,0,0,0,0,0
2018-12-08,0,0,0,0,0,0,0,0,0,0
2018-12-09,0,0,0,0,0,0,0,0,0,0
2018-12-10,0,0,0,0,0,0,0,0,0,0
2018-12-11,0,0,0,0,0,0,0,0,0,0
2018-12-12,0,0,0,0,0,0,0,0,0,0
2018-12-13,0,0,0,0,0,0,0,0,0,0
2018-12-14,0,0,0,0,0,0,0,0,0,0
2018-12-15,0,0,0,0,0,0,0,0,0,0
2018-12-16,0,0,0,0,0,0,0,0,0,0
2018-12-17,0,0,0,0,0,0,0,0,0,0
2018-12-18,0,0,0,0,0,0,0,0,0,0
2018-12-19,0,0,0,0,0,0,0,0,0,0
2018-12-20,0,0,0,0,0,0,0,0,0,0
2018-12-21,0,0,0,0,0,3290000,0,0,20000,0
2018-12-22,0,0,0,0,0,0,0,0,0,0
2018-12-23,0,0,0,0,0,0,0,0,0,0
2018-12-24,0,0,0,0,0,0,0,0,0,0
2018-12-25,0,0,0,0,0,0,0,0,0,0
2018-12-26,0,0,0,0,0,0,0,0,0,0
2018-12-27,0,0,0,0,0,0,0,0,0,0
2018-12-28,0,0,0,0,0,0,0,0,0,0
2018-12-29,0,0,0,0,0,0,0,0,0,0
2018-12-30,0,0,0,0,0,0,0,0,0,0
2018-12-31,0,0,0,0,0,0,0,0,0,0
2019-01-01,0,0,0,0,0,27941,67500,0,0,0
2019-01-02,0,0,0,0,0,0,0,0,0,0
2019-01-03,0,0,30000,20000,0,0,0,0,0,0
2019-01-04,0,0,0,0,0,0,0,50000,0,0
2019-01-05,0,0,0,0,0,0,0,0,0,0
2019-01-06,0,0,0,0,0,0,0,0,0,0
2019-01-07,0,0,20000,30000,0,0,30000,0,0,0
2019-01-08,0,0,10000,0,0,12000,40000,0,30000,0
2019-01-09,0,0,0,0,0,0,0,37500,0,0
2019-01-10,0,0,22500,30000,0,0,0,0,0,0
2019-01-11,0,0,15000,0,50000,50000,0,144000,0,0
2019-01-12,0,0,0,40000,0,0,0,0,0,0
2019-01-13,0,0,0,0,0,0,45000,0,0,0
2019-01-14,0,0,0,0,0,18000,0,0,0,0
2019-01-15,0,0,170000,0,0,0,60000,0,0,0
2019-01-16,0,0,62500,105000,0,0,90000,0,0,0
2019-01-17,0,0,210000,60000,30000,20000,147500,0,0,0
2019-01-18,70000,0,173000,80000,60000,120000,120000,2810000,110000,40000
2019-01-19,0,0,95000,80000,0,30000,50000,50000,0,0
2019-01-20,0,0,90000,60000,0,0,80000,0,0,0
2019-01-21,60000,0,150000,0,0,0,180000,0,110000,1470000
2019-01-22,3860000,0,4840000,5585000,4530000,3305000,3700000,80000,3955000,225000
2019-01-23,0,0,0,0,0,0,0,0,0,0
2019-01-24,0,0,0,30000,0,0,0,0,0,0
2019-01-25,0,0,0,0,0,0,0,0,0,0
2019-01-26,0,0,0,0,0,0,0,0,0,0
2019-01-27,0,0,0,0,0,0,0,0,0,0
2019-01-28,0,0,0,0,0,0,0,0,0,0
2019-01-29,0,0,0,0,0,0,0,0,0,0
2019-01-30,0,0,0,0,0,0,0,0,0,0
2019-01-31,0,0,0,0,0,0,0,0,0,0
2019-02-01,0,0,0,0,0,0,0,0,0,0
2019-02-02,0,0,0,0,0,0,0,0,0,0
2019-02-03,0,0,0,0,0,0,0,0,0,0
2019-02-04,0,0,0,0,0,0,0,0,0,0
2019-02-05,0,0,0,0,0,0,0,0,0,0
2019-02-06,0,0,0,0,0,0,0,0,0,0
2019-02-07,0,0,0,0,0,0,0,0,0,0
2019-02-08,0,0,0,0,0,0,0,0,0,0
2019-02-09,0,0,0,0,0,0,0,0,0,0
2019-02-10,0,0,0,0,0,0,50000,0,0,0
2019-02-11,0,0,0,0,0,0,0,0,0,0
2019-02-12,0,0,0,0,0,0,0,0,0,0
2019-02-13,0,0,0,0,0,0,0,0,0,0
2019-02-14,0,0,0,0,0,0,0,0,0,0
2019-02-15,0,0,0,0,0,0,0,0,0,0
2019-02-16,0,0,0,0,0,0,0,0,0,0
2019-02-17,0,0,0,0,0,0,0,0,0,0
2019-02-18,0,0,0,0,0,0,0,0,0,0
2019-02-19,0,0,0,0,0,0,0,0,0,0
2019-02-20,0,0,0,0,0,0,0,0,0,0
2019-02-21,0,0,0,0,0,0,0,0,0,0
2019-02-22,0,0,0,0,0,0,0,0,0,0
2019-02-23,0,0,0,0,0,0,0,0,0,0
2019-02-24,0,0,0,0,0,0,0,0,0,0
2019-02-25,0,0,0,0,0,0,0,0,0,0
2019-02-26,0,0,0,0,0,0,0,0,0,0
2019-02-27,0,0,0,0,0,0,0,0,0,0
2019-02-28,0,0,0,0,0,0,0,0,0,0
2019-03-01,0,0,0,0,0,0,0,0,0,0
2019-03-02,0,0,0,0,0,0,0,0,0,0
2019-03-03,0,0,0,0,0,0,0,0,0,0
2019-03-04,0,0,0,0,0,0,0,0,0,0
2019-03-05,0,0,0,0,0,0,0,0,0,0
2019-03-06,0,0,0,0,0,0,0,0,0,0
2019-03-07,0,0,0,0,0,0,0,0,0,0
2019-03-08,0,0,0,0,0,0,0,0,0,0
2019-03-09,0,0,0,0,0,0,0,0,0,0
2019-03-10,0,0,0,0,0,0,0,0,0,0
2019-03-11,0,0,0,0,0,0,0,0,0,0
2019-03-12,0,0,0,0,0,0,0,0,0,0
2019-03-13,0,0,0,0,0,0,0,0,0,0
2019-03-14,0,0,0,0,0,0,0,0,0,0
2019-03-15,0,0,0,0,0,0,0,0,0,0
2019-03-16,0,0,0,0,0,0,0,0,0,0
2019-03-17,0,0,0,0,0,0,0,0,0,0
2019-03-18,0,0,0,0,0,0,0,0,0,0
2019-03-19,0,0,0,0,0,0,0,0,0,0
2019-03-20,0,0,0,0,0,0,0,0,0,0
2019-03-21,0,0,0,0,0,0,0,0,0,0
2019-03-22,0,0,0,0,0,0,0,0,0,0
2019-03-23,0,0,0,0,0,0,0,0,0,0
2019-03-24,0,0,0,0,0,0,0,0,0,0
2019-03-25,0,0,0,0,0,0,0,0,0,0
2019-03-26,0,0,0,0,0,0,0,0,0,0
2019-03-27,0,0,0,0,0,0,0,0,0,0
2019-03-28,0,0,0,0,0,0,0,0,0,0
2019-03-29,0,0,0,0,0,0,0,0,0,0
2019-03-30,0,0,0,0,0,0,0,0,0,0
2019-03-31,0,0,0,0,0,0,0,0,0,0
2019-04-01,0,0,120000,0,0,0,0,0,0,0
2019-04-02,0,0,0,0,0,0,0,0,0,0
2019-04-03,0,0,0,0,0,28622,30000,0,0,0
2019-04-04,0,0,0,0,0,0,80000,0,0,0
2019-04-05,0,0,0,0,0,14000,0,0,0,0
2019-04-06,0,0,0,0,0,18000,0,0,0,0
2019-04-07,0,0,0,0,0,0,0,0,0,0
2019-04-08,0,0,0,0,0,0,0,0,0,0
2019-04-09,0,0,20000,0,0,0,0,0,0,0
2019-04-10,0,0,0,70000,0,0,0,0,30000,0
2019-04-11,0,0,60000,0,0,0,60000,0,0,0
2019-04-12,0,0,20000,110000,0,0,0,37500,0,0
2019-04-13,0,0,0,0,0,0,0,0,0,0
2019-04-14,0,0,0,0,0,0,0,0,0,0
2019-04-15,0,0,50000,60000,30000,70000,0,50000,0,0
2019-04-16,0,0,0,40000,0,40000,0,0,0,0
2019-04-17,0,0,40000,60000,0,45000,40000,100000,15000,0
2019-04-18,70000,0,42500,125000,90000,80000,60000,30000,110000,0
2019-04-19,0,0,369375,210000,0,40000,190000,0,0,40000
2019-04-20,0,0,0,0,0,0,160000,0,0,0
2019-04-21,0,0,80000,80000,0,30000,110000,60000,10000,50000
2019-04-22,4160000,0,4280000,3850000,4150000,3995000,3050000,5710000,6163000,1110000
2019-04-23,0,0,0,50000,50000,0,110000,0,0,0
2019-04-24,0,0,0,70000,0,0,67500,0,0,0
2019-04-25,0,0,0,0,0,0,30000,0,0,0
2019-04-26,0,0,0,0,0,0,0,0,0,0
2019-04-27,0,0,0,0,0,0,0,0,0,0
2019-04-28,0,0,0,0,0,0,0,0,0,0
2019-04-29,0,0,0,0,0,30000,0,0,0,0
2019-04-30,0,0,0,0,0,0,0,0,0,0
2019-05-01,0,0,0,0,0,0,0,0,0,0
2019-05-02,0,0,0,0,0,0,0,0,0,0
2019-05-03,0,0,0,0,0,0,0,0,0,0
2019-05-04,0,0,0,0,0,0,0,0,0,0
2019-05-05,0,0,0,0,0,0,0,0,0,0
2019-05-06,0,0,0,0,0,0,0,0,0,0
2019-05-07,0,0,0,0,0,0,0,0,0,0
2019-05-08,0,0,0,0,0,0,0,0,0,0
2019-05-09,0,0,0,0,50000,0,0,0,0,0
2019-05-10,0,0,0,0,0,0,0,0,0,0
2019-05-11,0,0,0,0,0,0,0,0,0,0
2019-05-12,0,0,0,0,0,0,0,0,0,0
2019-05-13,0,0,0,0,0,0,0,0,0,0
2019-05-14,0,0,0,0,0,0,0,0,0,1550000
2019-05-15,0,0,0,0,0,0,0,0,0,0
2019-05-16,0,0,0,0,0,0,0,0,0,0
2019-05-17,0,0,0,0,0,0,0,0,0,0
2019-05-18,0,0,0,0,0,0,0,0,0,0
2019-05-19,0,0,0,0,0,0,0,0,0,0
2019-05-20,0,0,0,0,0,0,0,0,0,0
2019-05-21,0,0,0,0,0,0,0,0,0,0
2019-05-22,0,0,0,0,0,0,0,0,0,0
2019-05-23,0,0,0,0,0,0,0,0,0,0
2019-05-24,0,0,0,0,0,0,0,0,0,0
2019-05-25,0,0,0,0,0,0,0,0,0,0
2019-05-26,0,0,0,0,0,0,0,0,0,0
2019-05-27,0,0,0,0,0,0,0,0,0,0
2019-05-28,0,0,0,0,0,0,0,0,0,0
2019-05-29,0,0,0,0,0,0,0,0,0,0
2019-05-30,0,0,0,0,0,0,0,0,0,0
2019-05-31,0,0,0,0,0,0,0,0,0,0
2019-06-01,0,0,0,0,0,0,0,0,0,0
2019-06-02,0,0,0,0,0,0,0,0,0,0
2019-06-03,0,0,0,0,0,0,0,0,0,0
2019-06-04,0,0,0,0,0,0,0,0,0,0
2019-06-05,0,0,0,0,0,0,0,0,0,0
2019-06-06,0,0,0,0,0,0,0,0,0,0
2019-06-07,0,0,0,0,0,0,0,0,0,0
2019-06-08,0,0,0,0,0,0,0,0,0,0
2019-06-09,0,0,0,0,0,0,0,0,0,0
2019-06-10,0,0,0,0,0,0,0,0,0,0
2019-06-11,0,0,0,0,0,0,0,0,0,0
2019-06-12,0,0,0,0,0,0,0,0,0,0
2019-06-13,0,0,0,0,0,0,0,0,0,0
2019-06-14,0,0,0,0,0,0,0,0,0,0
2019-06-15,0,0,0,0,0,0,0,0,0,0
2019-06-16,0,0,0,0,0,0,0,0,0,0
2019-06-17,0,0,0,0,0,0,0,0,0,0
2019-06-18,0,0,0,0,0,0,0,0,0,0
2019-06-19,0,0,0,0,0,0,0,0,0,0
2019-06-20,0,0,0,0,0,0,0,0,0,0
2019-06-21,0,0,0,0,0,0,0,0,0,0
2019-06-22,0,0,0,0,0,0,0,0,0,0
2019-06-23,0,0,0,0,0,0,0,0,0,0
2019-06-24,0,0,0,0,0,0,0,0,0,0
2019-06-25,0,0,0,0,0,0,0,0,0,0
2019-06-26,0,0,0,0,0,0,0,0,0,0
2019-06-27,0,0,0,0,0,0,0,0,0,0
2019-06-28,0,0,0,0,0,0,0,0,0,0
2019-06-29,0,0,0,0,0,0,0,0,0,0
2019-06-30,0,0,0,0,0,0,0,0,0,0
2019-07-01,0,0,0,0,0,0,0,0,0,0
2019-07-02,0,0,0,0,0,0,52500,0,0,0
2019-07-03,0,0,0,70000,0,27775,0,0,0,0
2019-07-04,0,0,0,0,0,0,0,0,0,0
2019-07-05,0,0,0,0,0,0,60000,0,0,0
2019-07-06,0,0,0,0,0,0,0,0,0,0
2019-07-07,0,0,0,0,0,0,0,0,0,0
2019-07-08,0,0,20000,0,0,0,0,0,0,0
2019-07-09,0,0,0,0,0,0,0,0,0,0
2019-07-10,0,0,0,0,0,0,0,0,0,0
2019-07-11,0,0,0,0,0,18000,0,0,0,0
2019-07-12,0,0,20000,0,30000,30000,97500,30000,50000,0
2019-07-13,0,0,0,0,0,0,0,0,0,0
2019-07-14,0,0,0,0,0,45000,30000,0,0,0
2019-07-15,0,0,50000,80000,30000,20000,0,0,0,0
2019-07-16,0,0,12500,60000,0,22000,0,0,0,0
2019-07-17,70000,0,60000,30000,30000,50000,30000,0,50000,0
2019-07-18,0,0,110000,0,80000,15000,150000,187500,90000,0
2019-07-19,0,45000,161250,235000,390000,120000,130000,30000,70000,890000
2019-07-20,0,0,122500,0,0,30000,60000,60000,30000,50000
2019-07-21,0,80000,70000,120000,0,0,110000,0,0,0
2019-07-22,4280000,4480000,3925000,3340000,4350000,3260000,3980000,2820000,3775000,150000
2019-07-23,0,0,18750,60000,0,0,20000,0,0,0
2019-07-24,0,0,0,0,0,0,0,0,0,0
2019-07-25,0,0,0,25000,0,0,0,0,0,0
2019-07-26,0,0,0,0,0,0,0,0,0,0
2019-07-27,0,0,0,0,0,0,0,0,0,0
2019-07-28,0,0,0,0,0,0,0,0,0,0
2019-07-29,0,0,0,0,0,0,80000,0,0,0
2019-07-30,0,0,0,0,0,0,0,0,0,0
2019-07-31,0,0,0,0,0,0,0,0,0,0
2019-08-01,0,0,0,0,0,0,0,0,0,0
2019-08-02,0,0,0,0,0,0,0,0,0,0
2019-08-03,0,0,0,0,0,0,0,0,0,0
2019-08-04,0,0,0,0,0,0,0,0,0,0
2019-08-05,0,0,0,0,0,0,0,100000,0,0
2019-08-06,0,0,0,0,0,0,0,0,0,0
2019-08-07,0,0,0,0,0,0,0,0,0,0
2019-08-08,0,0,0,0,0,0,0,0,0,0
2019-08-09,0,0,0,0,0,0,0,0,0,0
2019-08-10,0,0,0,0,0,0,0,0,0,0
2019-08-11,0,0,0,0,0,0,0,0,0,0
2019-08-12,0,0,0,0,0,0,0,0,0,0
2019-08-13,0,0,0,0,0,0,0,0,0,0
2019-08-14,0,0,0,0,0,0,0,0,0,0
2019-08-15,0,0,0,0,0,0,0,0,0,0
2019-08-16,0,0,0,0,0,0,0,0,0,0
2019-08-17,0,0,0,0,0,0,0,0,0,0
2019-08-18,0,0,0,0,0,0,0,0,0,0
2019-08-19,0,0,0,0,0,0,0,0,0,0
2019-08-20,0,0,0,0,0,0,0,0,0,0
2019-08-21,0,0,0,0,0,0,0,0,0,0
2019-08-22,0,0,0,0,0,0,0,0,0,0
2019-08-23,0,0,0,0,0,0,0,0,0,0
2019-08-24,0,0,0,0,0,0,0,0,0,0
2019-08-25,0,0,0,0,0,0,0,0,0,0
2019-08-26,0,0,0,0,0,0,0,0,0,0
2019-08-27,0,0,0,0,0,0,0,0,0,0
2019-08-28,0,0,0,0,0,0,0,0,0,0
2019-08-29,0,0,0,0,0,0,0,0,0,0
2019-08-30,0,0,0,0,0,0,0,0,0,0
2019-08-31,0,0,0,0,0,0,0,0,0,0
2019-09-01,0,0,0,0,0,0,0,0,0,0
2019-09-02,0,0,0,0,0,0,0,0,0,0
2019-09-03,0,0,0,0,0,0,0,0,0,0
2019-09-04,0,0,0,0,0,0,0,0,0,0
2019-09-05,0,0,0,0,0,0,0,0,0,0
2019-09-06,0,0,0,0,0,0,0,0,0,0
2019-09-07,0,0,0,0,0,0,0,0,0,0
2019-09-08,0,0,0,0,0,0,0,0,0,0
2019-09-09,0,0,0,0,0,0,0,0,0,0
2019-09-10,0,0,0,0,0,0,0,0,0,0
2019-09-11,0,0,0,0,0,0,0,0,0,0
2019-09-12,0,0,0,0,0,0,0,0,0,0
2019-09-13,0,0,0,0,0,0,0,0,0,0
2019-09-14,0,0,0,0,0,0,0,0,0,0
2019-09-15,0,0,0,0,0,0,0,0,0,0
2019-09-16,0,0,0,0,0,0,0,0,0,0
2019-09-17,0,0,0,0,0,0,0,0,0,0
2019-09-18,0,0,0,0,0,0,0,0,0,0
2019-09-19,0,0,0,0,0,0,0,0,0,0
2019-09-20,0,0,0,0,0,0,0,0,0,0
2019-09-21,0,0,0,0,0,0,0,0,0,0
2019-09-22,0,0,0,0,0,0,0,0,0,0
2019-09-23,0,0,0,0,0,0,0,0,0,0
2019-09-24,0,0,0,40000,0,0,0,0,0,0
2019-09-25,0,0,0,0,0,0,0,0,0,0
2019-09-26,0,0,0,0,0,0,0,0,0,0
2019-09-27,0,0,0,0,0,0,0,0,0,0
2019-09-28,0,0,0,0,0,0,0,0,0,0
2019-09-29,0,0,0,0,0,0,0,0,0,0
2019-09-30,0,0,0,0,0,0,52500,0,0,0
2019-10-01,0,0,0,0,0,0,0,0,0,0
2019-10-02,0,0,0,0,0,8000,0,0,0,0
2019-10-03,0,0,0,0,0,21375,0,0,0,0
2019-10-04,0,0,0,0,30000,0,0,0,0,0
2019-10-05,0,0,0,0,0,0,0,0,0,0
2019-10-06,0,0,0,0,0,0,0,0,0,0
2019-10-07,0,0,0,0,0,0,0,0,30000,0
2019-10-08,0,0,0,0,0,0,20000,0,0,0
2019-10-09,0,0,60000,30000,0,48000,0,0,0,0
2019-10-10,0,0,0,0,0,0,0,0,0,0
2019-10-11,0,0,0,0,0,0,0,0,0,0
2019-10-12,0,0,0,0,0,0,30000,0,0,0
2019-10-13,0,0,0,0,0,0,0,0,0,0
2019-10-14,90000,0,0,30000,0,0,30000,0,0,0
2019-10-15,0,0,0,30000,0,0,80000,0,0,0
2019-10-16,0,0,140000,10000,0,70000,20000,100000,15000,40000
2019-10-17,0,10000,222500,45000,0,75000,117500,37500,50000,0
2019-10-18,0,0,177250,210000,30000,85000,270000,60000,40000,0
2019-10-19,0,95000,200000,0,0,50000,140000,60000,0,100000
2019-10-20,0,50000,40000,20000,0,0,30000,0,90000,30000
2019-10-21,4280000,5202500,3691250,3050000,3980000,3055000,3730000,2760000,4270000,1270000
2019-10-22,0,0,0,0,50000,0,0,0,0,0
2019-10-23,0,0,0,0,0,40000,0,0,15000,0
2019-10-24,0,0,0,0,0,0,0,0,0,0
2019-10-25,0,0,0,0,0,0,0,0,0,0
2019-10-26,0,0,0,0,0,0,0,0,0,0
2019-10-27,0,0,0,40000,0,0,0,0,0,0
2019-10-28,0,0,0,0,0,0,0,0,0,0
2019-10-29,0,0,0,0,0,0,0,0,0,0
2019-10-30,0,0,0,0,0,0,50000,0,0,0
2019-10-31,0,0,0,0,0,0,0,0,0,0
2019-11-01,0,0,0,0,0,0,0,0,0,0
2019-11-02,0,0,0,0,0,0,0,0,0,0
2019-11-03,0,0,0,0,0,0,0,0,0,0
2019-11-04,0,0,0,0,0,0,0,0,0,0
2019-11-05,0,0,0,0,0,0,0,0,0,0
2019-11-06,0,0,0,0,0,0,0,0,0,0
2019-11-07,0,0,0,0,0,0,0,0,0,0
2019-11-08,0,0,0,0,0,0,0,0,0,0
2019-11-09,0,0,0,0,0,0,0,0,0,0
2019-11-10,0,0,0,0,0,0,0,0,0,0
2019-11-11,0,0,0,0,0,0,0,0,0,0
2019-11-12,0,0,0,0,0,0,0,0,0,0
2019-11-13,0,0,0,0,0,0,0,0,0,0
2019-11-14,0,0,0,0,0,0,0,0,0,0
2019-11-15,0,0,0,0,0,0,0,0,0,0
2019-11-16,0,0,0,0,0,0,0,0,0,0
2019-11-17,0,0,0,0,0,0,0,0,0,0
2019-11-18,0,0,0,0,0,0,0,0,0,0
2019-11-19,0,0,0,0,180000,0,0,0,0,0
2019-11-20,0,0,0,0,0,0,0,0,0,0
2019-11-21,0,0,0,0,0,0,0,0,0,0
2019-11-22,0,0,0,0,0,0,0,0,0,0
2019-11-23,0,0,0,0,0,0,0,0,0,0
2019-11-24,0,0,0,0,0,0,0,0,0,0
2019-11-25,0,0,0,0,0,0,0,0,0,0
2019-11-26,0,0,0,0,0,0,0,0,0,0
2019-11-27,0,0,0,0,0,0,0,0,0,0
2019-11-28,0,0,0,0,0,0,0,0,0,0
2019-11-29,0,0,0,0,0,0,0,0,0,0
2019-11-30,0,0,0,0,0,0,0,0,0,0
2019-12-01,0,0,0,0,0,0,0,0,0,0
2019-12-02,0,0,0,0,0,0,0,0,0,0
2019-12-03,0,0,0,0,0,0,0,0,0,0
2019-12-04,0,0,0,0,0,0,0,0,0,0
2019-12-05,0,0,0,0,0,0,0,0,0,0
2019-12-06,0,0,0,0,0,0,0,0,0,0
2019-12-07,0,0,0,0,0,0,0,0,0,0
2019-12-08,0,0,0,0,0,0,0,0,0,0
2019-12-09,0,0,0,0,0,0,0,0,0,0
2019-12-10,0,0,0,0,0,0,3330000,0,0,0
2019-12-11,0,0,0,0,0,0,0,0,0,0
2019-12-12,0,0,0,0,0,0,0,0,0,0
2019-12-13,0,0,0,0,0,0,0,0,0,0
2019-12-14,0,0,0,0,0,0,0,0,0,0
2019-12-15,0,0,0,0,0,0,0,0,0,0
2019-12-16,0,0,0,0,0,0,0,0,0,0
2019-12-17,0,0,0,0,0,0,0,0,0,0
2019-12-18,0,0,0,0,0,0,0,0,0,0
2019-12-19,0,0,0,0,0,0,0,0,0,0
2019-12-20,0,0,0,0,0,0,0,0,0,0
2019-12-21,0,0,0,0,0,0,0,0,0,0
2019-12-22,0,0,0,0,0,0,0,0,0,0
2019-12-23,0,0,0,0,0,0,0,0,0,0
2019-12-24,0,0,0,0,0,0,0,0,0,0
2019-12-25,0,0,0,0,0,0,0,0,0,0
2019-12-26,0,0,0,0,0,0,0,0,0,0
2019-12-27,0,0,0,0,0,0,0,0,0,0
2019-12-28,0,0,0,0,0,0,0,0,0,0
2019-12-29,0,0,0,0,0,0,0,0,0,0
2019-12-30,0,0,0,0,0,0,0,0,0,0
2019-12-31,0,0,0,0,0,0,0,0,0,0
2020-01-01,0,0,0,0,0,0,0,0,0,0
2020-01-02,0,0,0,0,0,0,0,0,0,0
2020-01-03,0,0,0,0,0,0,0,0,0,0
2020-01-04,0,0,0,0,0,0,0,0,0,0
2020-01-05,0,0,0,0,0,0,0,0,0,0
2020-01-06,0,0,0,0,0,0,0,0,30000,0
2020-01-07,0,0,0,0,0,0,0,0,0,0
2020-01-08,0,0,20000,40000,0,0,0,0,0,0
2020-01-09,0,0,0,30000,0,0,0,0,0,0
2020-01-10,0,22500,0,0,0,0,0,0,0,0
2020-01-11,0,0,0,0,0,0,0,0,0,0
2020-01-12,0,0,0,0,0,18000,0,0,0,0
2020-01-13,0,0,0,30000,0,12000,30000,0,0,0
2020-01-14,0,45000,0,30000,0,0,50000,0,30000,0
2020-01-15,70000,50000,0,0,0,0,0,0,10000,0
2020-01-16,90000,0,0,0,0,75000,60000,0,45000,10000
2020-01-17,0,0,337500,30000,350000,110000,60000,50000,275000,90000
2020-01-18,0,90000,30000,0,50000,0,80000,0,0,0
2020-01-19,0,0,50000,50000,20000,0,30000,60000,40000,50000
2020-01-20,0,30000,92500,0,30000,15000,30000,147500,130000,0
2020-01-21,180000,490000,700000,385000,600000,190000,240000,170000,260000,190000
2020-01-22,0,0,40000,60000,0,0,0,0,0,0
2020-01-23,0,0,0,0,0,0,0,0,0,0
2020-01-24,0,0,0,0,0,0,0,0,0,0
2020-01-25,0,0,0,0,0,0,0,0,0,0
2020-01-26,0,0,0,0,0,0,0,0,0,0
2020-01-27,90000,0,0,0,0,0,0,0,0,0
2020-01-28,0,0,0,0,0,0,0,0,0,0
2020-01-29,0,0,0,0,0,0,0,0,0,0
2020-01-30,0,0,0,0,0,0,0,0,0,0
2020-01-31,0,0,0,0,0,0,0,0,0,0
2020-02-01,0,0,0,0,0,0,0,0,0,0
2020-02-02,0,0,0,0,0,0,0,0,0,0
2020-02-03,0,0,0,0,0,0,0,0,0,0
2020-02-04,0,0,0,0,0,0,0,0,0,0
2020-02-05,0,0,0,0,0,0,0,0,0,0
2020-02-06,0,0,0,0,0,0,0,0,0,0
2020-02-07,0,0,0,0,0,0,0,0,0,0
2020-02-08,0,0,0,0,0,0,0,0,0,0
2020-02-09,0,0,0,0,0,0,0,0,0,0
2020-02-10,0,0,0,0,0,0,0,0,0,0
2020-02-11,0,0,0,0,0,0,0,0,0,0
2020-02-12,0,0,0,0,0,0,0,0,0,0
2020-02-13,0,0,0,0,0,0,0,0,0,0
2020-02-14,0,0,0,0,0,0,0,0,0,0
2020-02-15,0,0,0,0,0,0,0,0,0,0
2020-02-16,0,0,0,0,0,0,0,0,0,0
2020-02-17,0,0,0,0,0,0,0,0,0,0
2020-02-18,0,0,0,0,0,0,0,0,0,0
2020-02-19,0,0,0,0,0,0,0,0,0,0
2020-02-20,0,0,0,0,0,0,0,0,0,0
2020-02-21,0,0,0,0,0,0,0,0,0,0
2020-02-22,0,0,0,0,0,0,0,0,0,0
2020-02-23,0,0,0,0,0,0,0,0,0,0
2020-02-24,0,0,0,0,0,0,0,0,0,0
2020-02-25,0,0,0,0,60000,0,0,0,0,0
2020-02-26,0,0,0,0,0,0,0,0,0,0
2020-02-27,0,0,0,0,0,0,0,0,0,0
2020-02-28,0,0,0,0,0,0,0,0,0,0
2020-02-29,0,0,0,0,0,0,0,0,0,0
2020-03-01,0,0,0,0,0,0,0,0,0,0
2020-03-02,0,0,0,0,0,0,0,0,0,0
2020-03-03,0,0,0,0,0,0,0,0,0,0
2020-03-04,0,0,0,0,0,0,0,0,0,0
2020-03-05,0,0,0,0,0,0,0,0,0,0
2020-03-06,0,0,0,0,0,0,0,0,0,0
2020-03-07,0,0,0,0,0,0,0,0,0,0
2020-03-08,0,0,0,0,0,0,0,0,0,0
2020-03-09,0,0,0,0,0,0,0,0,0,0
2020-03-10,0,0,0,0,0,0,0,0,0,0
2020-03-11,0,0,0,0,0,0,0,0,0,0
2020-03-12,0,0,0,0,0,0,0,0,0,0
2020-03-13,0,0,0,0,0,0,0,0,0,0
2020-03-14,0,0,0,0,0,0,0,0,0,0
2020-03-15,0,0,0,0,0,0,0,0,0,0
2020-03-16,0,0,0,0,0,0,0,0,0,0
2020-03-17,0,0,0,0,0,0,0,0,0,0
2020-03-18,0,0,0,0,0,0,0,0,0,0
2020-03-19,0,0,0,0,0,0,0,0,0,0
2020-03-20,0,0,0,0,0,0,0,0,0,0
2020-03-21,0,0,0,0,0,0,0,0,0,0
2020-03-22,0,0,0,0,0,0,0,0,0,0
2020-03-23,0,0,0,0,0,0,0,0,0,0
2020-03-24,0,0,0,0,0,0,0,0,0,0
2020-03-25,0,0,0,0,0,0,0,0,0,0
2020-03-26,0,0,0,0,0,0,0,0,0,0
2020-03-27,0,0,0,0,0,0,0,0,0,0
2020-03-28,0,0,0,0,0,18000,0,0,0,0
2020-03-29,0,0,0,0,0,0,0,0,0,0
2020-03-30,0,0,0,0,0,0,0,0,0,0
2020-03-31,0,0,0,0,0,0,0,0,0,0
2020-04-01,70000,0,0,70000,0,0,20000,0,0,0
2020-04-02,0,0,0,0,0,0,0,0,0,0
2020-04-03,0,0,0,0,0,0,0,0,0,0
2020-04-04,0,0,0,0,0,0,0,0,0,0
2020-04-05,0,0,0,0,0,0,10000,0,0,0
2020-04-06,0,0,20000,0,0,0,0,0,0,0
2020-04-07,0,0,0,0,0,0,0,0,10000,0
2020-04-08,0,0,0,0,0,0,0,0,0,0
2020-04-09,0,0,0,0,0,12000,0,0,0,0
2020-04-10,0,0,40000,30000,0,0,0,0,0,0
2020-04-11,0,0,0,0,0,0,0,0,0,0
2020-04-12,0,0,0,0,0,0,0,0,0,0
2020-04-13,0,0,0,0,0,0,80000,0,0,0
2020-04-14,0,0,0,0,0,0,0,0,0,0
2020-04-15,0,0,18750,0,0,20000,30000,0,0,0
2020-04-16,60000,0,50000,0,0,15000,30000,0,0,0
2020-04-17,0,0,60000,30000,134000,80000,0,150000,100000,30000
2020-04-18,0,0,0,50000,50000,0,0,0,0,90000
2020-04-19,0,0,170000,110000,210000,0,0,60000,60000,0
2020-04-20,180000,0,886250,270000,450000,265000,330000,217500,535000,160000
2020-04-21,0,0,0,0,0,0,0,0,0,0
2020-04-22,0,0,0,0,0,0,0,0,0,0
2020-04-23,0,0,0,0,0,0,0,0,0,0
2020-04-24,0,0,0,0,0,0,0,0,0,0
2020-04-25,0,0,0,0,0,0,0,0,0,0
2020-04-26,0,0,0,0,0,0,0,0,0,0
2020-04-27,0,0,0,0,0,0,0,0,0,0
2020-04-28,0,0,0,0,0,0,30000,0,0,0
2020-04-29,0,0,0,0,0,0,0,0,0,0
2020-04-30,0,0,0,0,0,0,0,0,30000,0
2020-05-01,0,0,0,0,0,0,0,0,0,0
2020-05-02,0,0,0,0,0,0,0,0,0,0
2020-05-03,0,0,0,0,0,0,0,0,0,0
2020-05-04,0,0,0,0,0,0,0,0,0,0
2020-05-05,0,0,0,0,0,0,0,0,0,0
2020-05-06,0,0,0,0,50000,0,0,0,0,0
2020-05-07,0,0,0,0,0,0,0,0,0,0
2020-05-08,0,0,0,0,0,0,0,0,0,0
2020-05-09,0,0,0,0,0,0,0,0,0,0
2020-05-10,0,0,0,0,0,0,0,0,0,0
2020-05-11,0,0,0,0,0,0,0,0,0,0
2020-05-12,0,0,0,0,0,0,0,0,0,0
2020-05-13,0,0,0,0,0,0,0,0,0,0
2020-05-14,0,0,0,0,0,0,0,0,0,0
2020-05-15,0,0,0,0,0,0,0,0,0,0
2020-05-16,0,0,0,0,0,0,0,0,0,0
2020-05-17,0,0,0,0,0,0,0,0,0,0
2020-05-18,0,0,0,0,0,0,0,0,0,0
2020-05-19,0,0,0,0,0,0,0,0,0,0
2020-05-20,0,0,0,0,0,0,0,0,0,0
2020-05-21,0,0,0,0,0,0,0,0,0,0
2020-05-22,0,0,0,0,0,0,0,0,0,0
2020-05-23,0,0,0,0,0,0,0,0,0,0
2020-05-24,0,0,0,0,0,0,0,0,0,0
2020-05-25,0,0,0,0,0,0,0,0,0,0
2020-05-26,0,0,0,0,0,0,0,0,0,0
2020-05-27,0,0,0,0,0,0,0,0,0,0
2020-05-28,0,0,0,0,0,0,0,0,0,0
2020-05-29,0,0,0,0,0,0,0,0,0,0
2020-05-30,0,0,0,0,0,0,0,0,0,0
2020-05-31,0,0,0,0,0,0,0,0,0,0
2020-06-01,0,0,0,0,0,0,0,0,0,0
2020-06-02,0,0,0,0,0,0,0,0,0,0
2020-06-03,0,0,0,0,0,0,0,0,0,0
2020-06-04,0,0,0,0,0,0,0,0,0,0
2020-06-05,0,0,0,0,0,0,0,0,0,0
2020-06-06,0,0,0,0,0,0,0,0,0,0
2020-06-07,0,0,0,0,0,0,0,0,0,0
2020-06-08,0,0,0,0,0,0,0,0,0,0
2020-06-09,0,0,0,0,0,0,0,0,0,0
2020-06-10,0,0,0,0,0,0,0,0,0,0
2020-06-11,0,0,0,0,0,0,0,0,0,0
2020-06-12,0,0,0,0,0,0,0,0,0,0
2020-06-13,0,0,0,0,0,0,0,0,0,0
2020-06-14,0,0,0,0,0,0,0,0,0,0
2020-06-15,0,0,0,0,0,0,0,0,0,0
2020-06-16,0,0,0,0,0,0,0,0,0,0
2020-06-17,0,0,0,0,0,0,0,0,0,0
2020-06-18,0,0,0,0,0,0,0,0,0,0
2020-06-19,0,0,0,0,0,0,0,0,0,0
2020-06-20,0,0,0,0,0,0,0,0,0,0
2020-06-21,0,0,0,0,0,0,0,0,0,0
2020-06-22,0,0,0,0,0,0,0,0,0,0
2020-06-23,0,0,0,0,0,0,0,0,0,0
2020-06-24,0,0,0,0,0,0,0,0,0,0
2020-06-25,0,0,0,0,0,0,0,0,0,0
2020-06-26,0,0,0,0,0,0,0,0,0,0
2020-06-27,0,0,0,0,0,0,0,0,0,0
2020-06-28,0,0,0,0,0,0,0,0,0,0
2020-06-29,0,0,0,0,0,0,0,0,0,0
2020-06-30,0,0,0,40000,0,0,0,0,0,0
2020-07-01,0,0,0,0,0,0,0,0,0,0
2020-07-02,0,0,0,0,0,0,0,0,0,0
2020-07-03,0,0,0,0,0,0,0,0,0,0
2020-07-04,0,0,0,0,0,0,0,0,0,0
2020-07-05,0,0,0,0,0,0,0,0,0,0
2020-07-06,0,0,0,0,0,0,0,0,0,0
2020-07-07,0,0,0,0,0,0,0,0,0,0
2020-07-08,0,0,0,0,0,0,0,0,0,0
2020-07-09,0,0,0,0,0,0,0,40000,0,0
2020-07-10,0,0,30000,0,0,0,30000,0,0,0
2020-07-11,0,0,0,0,0,0,0,0,0,0
2020-07-12,0,0,0,0,0,0,0,0,0,0
2020-07-13,0,0,0,0,0,0,52500,0,0,0
2020-07-14,0,0,20000,0,0,18000,50000,0,0,0
2020-07-15,0,0,0,0,0,0,0,0,70000,0
2020-07-16,0,0,0,80000,0,0,30000,0,90000,0
2020-07-17,60000,0,60000,0,142000,60000,0,150000,60000,40000
2020-07-18,0,0,30000,50000,30000,15000,80000,0,0,0
2020-07-19,0,0,160000,0,50000,0,30000,0,0,0
2020-07-20,250000,0,896250,280000,540000,285000,280000,207500,435000,190000
2020-07-21,0,0,0,0,110000,0,0,0,0,0
2020-07-22,0,0,0,0,0,0,0,0,0,0
2020-07-23,0,0,0,0,0,0,0,0,0,0
2020-07-24,0,0,0,0,0,0,0,0,0,0
2020-07-25,0,0,0,0,0,0,0,0,0,0
2020-07-26,0,0,0,0,0,0,0,0,0,0
2020-07-27,0,0,0,0,0,0,0,0,0,0
2020-07-28,0,0,0,0,0,0,0,0,0,0
2020-07-29,0,0,0,0,0,0,0,0,0,0
2020-07-30,0,0,0,0,0,0,0,0,0,0
2020-07-31,0,0,0,0,0,0,0,0,0,0
2020-08-01,0,0,0,0,0,0,0,0,0,0
2020-08-02,0,0,0,0,0,0,0,0,0,0
2020-08-03,0,0,0,0,0,0,0,0,0,0
2020-08-04,0,0,0,0,0,0,0,0,0,0
2020-08-05,0,0,0,30000,0,0,0,0,0,0
2020-08-06,0,0,0,0,0,0,0,0,0,0
2020-08-07,0,0,0,0,0,0,0,0,0,0
2020-08-08,0,0,0,0,0,0,0,0,0,0
2020-08-09,0,0,0,0,0,0,0,0,0,0
2020-08-10,0,0,0,0,0,0,0,0,0,0
2020-08-11,0,0,0,0,0,0,0,0,0,0
2020-08-12,0,0,0,0,0,0,0,0,0,0
2020-08-13,0,0,0,0,0,0,0,0,0,0
2020-08-14,0,0,0,0,0,0,0,0,0,0
2020-08-15,0,0,0,0,0,0,0,0,0,0
2020-08-16,0,0,0,0,0,0,0,0,0,0
2020-08-17,0,0,0,0,0,0,0,0,0,0
2020-08-18,0,0,0,0,0,0,0,0,0,0
2020-08-19,0,0,0,0,0,0,0,0,0,0
2020-08-20,0,0,0,0,0,0,0,0,0,0
2020-08-21,0,0,0,0,0,0,0,60000,0,0
2020-08-22,0,0,0,0,0,0,0,0,0,0
2020-08-23,0,0,0,0,0,0,0,0,0,0
2020-08-24,0,0,0,0,0,0,0,0,0,0
2020-08-25,0,0,0,0,0,0,0,0,0,0
2020-08-26,0,0,0,0,0,0,0,0,0,0
2020-08-27,0,0,0,0,0,0,0,0,0,0
2020-08-28,0,0,0,0,0,0,0,0,40000,0
2020-08-29,0,0,0,0,0,0,0,0,0,0
2020-08-30,0,0,0,0,0,0,0,0,0,0
2020-08-31,0,0,0,0,0,0,0,0,0,0
2020-09-01,0,0,0,0,0,0,0,0,0,0
2020-09-02,0,0,0,0,0,0,0,0,0,0
2020-09-03,0,0,0,0,0,0,0,0,0,0
2020-09-04,0,0,0,0,0,0,0,0,0,0
2020-09-05,0,0,0,0,0,0,0,0,0,0
2020-09-06,0,0,0,0,0,0,0,0,0,0
2020-09-07,0,0,0,0,0,0,0,0,0,0
2020-09-08,0,0,0,0,0,0,0,0,0,0
2020-09-09,0,0,0,0,0,0,0,0,0,0
2020-09-10,0,0,0,0,0,0,0,0,0,0
2020-09-11,0,0,0,0,0,0,0,0,0,0
2020-09-12,0,0,0,0,0,0,0,0,0,0
2020-09-13,0,0,0,0,0,0,0,0,0,0
2020-09-14,0,0,0,0,0,0,0,0,0,0
2020-09-15,0,0,0,0,0,0,0,0,0,0
2020-09-16,0,0,0,0,0,0,0,0,0,0
2020-09-17,0,0,0,0,0,0,0,0,0,0
2020-09-18,0,0,0,0,0,0,0,0,0,0
2020-09-19,0,0,0,0,0,0,0,0,0,0
2020-09-20,0,0,0,0,0,0,0,0,0,0
2020-09-21,0,0,0,0,0,0,0,0,0,0
2020-09-22,0,0,0,0,0,0,0,0,0,0
2020-09-23,0,0,0,0,0,0,0,0,0,0
2020-09-24,0,0,0,0,0,0,0,0,0,0
2020-09-25,0,0,0,0,0,0,0,0,0,0
2020-09-26,0,0,0,0,0,0,0,0,0,0
2020-09-27,0,0,0,0,0,0,0,0,0,0
2020-09-28,0,0,0,0,0,0,0,0,0,0
2020-09-29,0,0,0,0,0,0,0,0,0,0
2020-09-30,0,0,0,0,0,0,0,0,0,0
2020-10-01,0,0,0,0,0,0,0,0,0,0
2020-10-02,0,0,0,0,0,40000,0,0,40000,0
2020-10-03,0,0,0,0,0,0,0,0,0,0
2020-10-04,0,0,0,0,0,0,0,0,0,0
2020-10-05,0,0,0,0,0,0,0,0,0,0
2020-10-06,0,0,0,30000,0,0,0,0,0,0
2020-10-07,0,0,0,0,0,0,10000,0,0,0
2020-10-08,0,0,0,0,0,20000,0,0,20000,0
2020-10-09,0,0,18750,40000,0,0,72500,0,20000,0
2020-10-10,0,0,0,0,0,0,0,0,0,0
2020-10-11,0,0,0,0,0,0,0,0,0,0
2020-10-12,0,0,0,0,0,18000,0,0,30000,0
2020-10-13,0,0,0,0,0,0,0,0,0,0
2020-10-14,0,0,0,30000,0,0,0,0,0,0
2020-10-15,0,0,20000,0,0,0,80000,0,0,0
2020-10-16,0,0,0,0,0,20000,0,100000,50000,40000
2020-10-17,0,0,0,30000,30000,0,80000,0,0,0
2020-10-18,0,0,30000,0,0,0,0,0,0,0
2020-10-19,70000,0,232500,80000,282000,70000,280000,67500,20000,50000
2020-10-20,240000,0,745000,250000,600000,200000,110000,200000,185000,140000
2020-10-21,0,0,0,10000,80000,0,0,0,60000,0
2020-10-22,0,0,0,0,0,0,0,0,0,0
2020-10-23,0,0,0,0,0,0,0,0,0,0
2020-10-24,0,0,0,0,0,0,0,0,0,0
2020-10-25,0,0,0,0,0,0,0,0,0,0
2020-10-26,0,0,0,0,0,0,0,0,30000,0
2020-10-27,0,0,0,0,0,0,0,0,15000,0
2020-10-28,0,0,0,0,0,0,0,0,0,0
2020-10-29,20000,0,0,0,0,0,0,0,0,0
2020-10-30,0,0,0,0,0,0,0,0,0,0
2020-10-31,0,0,0,0,0,0,0,0,0,0
2020-11-01,0,0,0,0,0,0,0,0,0,0
2020-11-02,0,0,0,0,0,0,0,0,0,0
2020-11-03,0,0,0,0,0,0,0,0,0,0
2020-11-04,0,0,0,0,0,0,0,0,0,0
2020-11-05,0,0,0,0,0,0,0,0,0,0
2020-11-06,0,0,0,0,0,0,0,0,0,0
2020-11-07,0,0,0,0,0,0,0,0,0,0
2020-11-08,0,0,0,0,0,0,0,0,0,0
2020-11-09,0,0,0,0,0,0,0,0,0,0
2020-11-10,0,0,0,0,0,0,0,0,0,0
2020-11-11,0,0,0,0,0,0,0,0,0,0
2020-11-12,0,0,0,0,0,0,0,0,0,0
2020-11-13,0,0,0,0,0,0,0,0,0,0
2020-11-14,0,0,0,0,0,0,0,0,0,0
2020-11-15,0,0,0,0,0,0,0,0,0,0
2020-11-16,0,0,0,0,0,0,0,0,0,0
2020-11-17,0,0,0,0,0,0,0,0,0,0
2020-11-18,0,0,0,0,0,0,0,0,0,0
2020-11-19,0,0,0,0,0,0,0,0,0,0
2020-11-20,0,0,0,0,0,0,0,0,0,0
2020-11-21,0,0,0,0,0,0,0,0,0,0
2020-11-22,0,0,0,0,0,0,0,0,0,0
2020-11-23,0,0,0,0,0,0,0,0,0,0
2020-11-24,0,0,0,0,0,0,0,0,0,0
2020-11-25,0,0,0,0,0,0,0,0,0,0
2020-11-26,0,0,0,0,0,0,0,0,0,0
2020-11-27,0,0,0,0,0,0,0,0,0,0
2020-11-28,0,0,0,0,0,0,0,0,0,0
2020-11-29,0,0,0,0,0,0,0,0,0,0
2020-11-30,0,0,0,0,0,0,0,0,0,0
2020-12-01,0,0,0,0,0,0,0,0,0,0
2020-12-02,0,0,0,0,0,0,0,0,0,0
2020-12-03,0,0,0,0,0,0,0,0,0,0
2020-12-04,0,0,0,0,0,0,0,0,0,0
2020-12-05,0,0,0,0,0,0,0,0,0,0
2020-12-06,0,0,0,0,0,0,0,0,0,0
2020-12-07,0,0,0,0,0,0,0,0,0,0
2020-12-08,0,0,0,0,0,0,0,0,0,0
2020-12-09,0,0,0,0,0,0,0,0,0,0
2020-12-10,0,0,0,0,0,0,0,0,0,0
2020-12-11,0,0,0,0,0,0,0,0,0,0
2020-12-12,0,0,0,0,0,0,0,0,0,0
2020-12-13,0,0,0,0,0,0,0,0,0,0
2020-12-14,0,0,0,0,0,0,0,0,0,0
2020-12-15,0,0,0,0,0,0,0,0,0,0
2020-12-16,0,0,0,0,0,0,0,0,0,0
2020-12-17,0,0,0,0,0,0,0,0,0,0
2020-12-18,0,0,0,0,0,0,0,0,0,0
2020-12-19,0,0,0,0,0,0,0,0,0,0
2020-12-20,0,0,0,0,0,0,0,0,0,0
2020-12-21,0,0,0,0,0,0,0,0,0,0
2020-12-22,0,0,0,0,0,0,0,0,0,0
2020-12-23,0,0,0,0,0,0,0,0,0,0
2020-12-24,0,0,0,0,0,0,0,0,0,0
2020-12-25,0,0,0,0,0,0,0,0,0,0
2020-12-26,0,0,0,0,0,0,0,0,0,0
2020-12-27,0,0,0,0,0,0,0,0,0,0
2020-12-28,0,0,0,0,0,0,0,0,0,0
2020-12-29,0,0,0,0,0,0,0,0,0,0
2020-12-30,0,0,0,0,0,0,0,0,0,0
2020-12-31,0,0,0,0,0,0,0,0,0,0
2021-01-01,0,0,0,0,0,0,0,0,0,0
2021-01-02,0,0,0,0,0,0,0,0,0,0
2021-01-03,0,0,0,0,0,0,0,0,0,0
2021-01-04,0,0,0,0,0,0,52500,0,0,0
2021-01-05,0,0,0,0,0,0,0,0,0,0
2021-01-06,0,0,0,0,0,0,0,0,0,0
2021-01-07,0,0,0,0,0,0,0,0,0,0
2021-01-08,0,0,0,0,0,0,10000,0,0,0
2021-01-09,0,0,0,0,0,0,0,0,0,0
2021-01-10,0,0,0,0,0,0,0,0,0,0
2021-01-11,0,0,0,30000,0,0,0,0,0,0
2021-01-12,0,0,0,0,0,0,30000,0,30000,0
2021-01-13,0,0,0,30000,0,0,0,0,0,0
2021-01-14,0,0,0,30000,0,0,0,0,50000,0
2021-01-15,0,0,60000,0,30000,40000,30000,0,0,0
2021-01-16,0,0,22500,0,0,0,0,37500,0,0
2021-01-17,0,0,0,0,0,0,20000,0,0,0
2021-01-18,0,0,30000,0,0,40000,0,0,0,0
2021-01-19,0,0,190000,130000,0,210000,190000,100000,20000,40000
2021-01-20,130000,0,458750,80000,642000,30000,220000,140000,150000,100000
2021-01-21,180000,0,270000,200000,320000,50000,80000,70000,120000,120000
2021-01-22,0,0,0,0,0,0,0,0,0,0
2021-01-23,0,0,0,0,0,0,0,0,0,0
2021-01-24,0,0,0,0,0,0,0,0,0,0
2021-01-25,0,0,0,40000,0,0,0,0,0,0
2021-01-26,0,0,0,0,0,0,0,0,0,0
2021-01-27,0,0,0,0,0,0,0,0,0,0
2021-01-28,0,0,0,0,0,0,0,0,0,0
2021-01-29,0,0,0,0,0,0,0,0,0,0
2021-01-30,0,0,0,0,0,0,0,0,0,0
2021-01-31,0,0,0,0,0,0,0,0,0,0
2021-02-01,0,0,0,0,0,0,0,0,0,0
2021-02-02,0,0,0,0,0,0,0,0,0,0
2021-02-03,0,0,0,0,0,0,0,0,0,0
2021-02-04,0,0,0,0,0,0,0,0,0,0
2021-02-05,0,0,0,0,0,0,0,0,0,0
2021-02-06,0,0,0,0,0,0,0,0,0,0
2021-02-07,0,0,0,0,0,0,0,0,0,0
2021-02-08,0,0,0,0,0,0,0,0,0,0
2021-02-09,0,0,0,0,0,0,0,0,0,0
2021-02-10,0,0,0,0,0,0,0,0,0,0
2021-02-11,0,0,0,0,0,0,0,0,0,0
2021-02-12,0,0,0,0,0,0,0,0,0,0
2021-02-13,0,0,0,0,0,0,0,0,0,0
2021-02-14,0,0,0,0,0,0,0,0,0,0
2021-02-15,0,0,0,0,0,0,0,0,0,0
2021-02-16,0,0,0,0,0,0,0,0,0,0
2021-02-17,0,0,0,0,0,0,0,0,0,0
2021-02-18,0,0,0,0,0,0,0,0,0,0
2021-02-19,0,0,0,0,0,0,0,0,0,0
2021-02-20,0,0,0,0,0,0,0,0,0,0
2021-02-21,0,0,0,0,0,0,0,0,0,0
2021-02-22,0,0,0,0,0,0,0,0,0,0
2021-02-23,0,0,0,0,0,0,0,0,0,0
2021-02-24,0,0,0,0,0,0,0,0,0,0
2021-02-25,0,0,0,0,0,0,0,0,0,0
2021-02-26,0,0,0,0,0,0,0,0,0,0
2021-02-27,0,0,0,0,0,0,0,0,0,0
2021-02-28,0,0,0,0,0,0,0,0,0,0
2021-03-01,0,0,0,0,0,0,0,0,0,0
2021-03-02,0,0,0,0,0,0,0,0,0,0
2021-03-03,0,0,0,0,0,0,0,0,0,0
2021-03-04,0,0,0,0,0,0,0,0,0,0
2021-03-05,0,0,0,0,0,0,0,0,0,0
2021-03-06,0,0,0,0,0,0,0,0,0,0
2021-03-07,0,0,0,0,0,0,0,0,0,0
2021-03-08,0,0,0,0,0,0,0,0,0,0
2021-03-09,0,0,0,0,0,0,0,0,0,0
2021-03-10,0,0,0,0,0,0,0,0,0,0
2021-03-11,0,0,0,0,0,0,0,0,0,0
2021-03-12,0,0,0,0,0,0,0,0,0,0
2021-03-13,0,0,0,0,0,0,0,0,0,0
2021-03-14,0,0,0,0,0,0,0,0,0,0
2021-03-15,0,0,0,0,0,0,0,0,0,0
2021-03-16,0,0,0,0,0,0,0,0,0,0
2021-03-17,0,0,0,0,0,0,0,0,0,0
2021-03-18,0,0,0,0,0,0,0,0,0,0
2021-03-19,0,0,0,0,0,0,0,0,0,0
2021-03-20,0,0,0,0,0,0,0,0,0,0
2021-03-21,0,0,0,0,0,0,0,0,0,0
2021-03-22,0,0,0,0,0,0,0,0,0,0
2021-03-23,0,0,0,0,0,0,0,0,0,0
2021-03-24,0,0,0,0,0,0,0,0,0,0
2021-03-25,0,0,0,0,0,0,0,0,0,0
2021-03-26,0,0,0,0,0,0,0,0,0,0
2021-03-27,0,0,0,0,0,0,0,0,0,0
2021-03-28,0,0,0,0,0,0,0,0,0,0
2021-03-29,0,0,0,30000,0,0,0,0,0,0
2021-03-30,0,0,0,0,0,0,0,0,0,0
2021-03-31,0,0,0,0,0,0,54500,0,0,0
2021-04-01,0,0,20000,0,0,30000,0,0,0,0
2021-04-02,0,0,0,0,0,0,0,0,0,0
2021-04-03,0,0,0,0,0,0,0,0,0,0
2021-04-04,0,0,0,0,0,0,0,0,0,0
2021-04-05,0,0,0,0,0,0,0,0,0,0
2021-04-06,0,0,0,0,0,0,0,0,0,0
2021-04-07,0,0,0,0,0,0,0,0,0,0
2021-04-08,0,0,0,0,0,0,0,0,0,0
2021-04-09,0,0,0,0,0,0,0,0,0,0
2021-04-10,0,0,0,0,0,0,0,0,0,0
2021-04-11,0,0,0,0,0,0,0,0,0,0
2021-04-12,0,0,0,0,0,0,0,0,30000,0
2021-04-13,0,0,0,20000,0,0,0,0,0,0
2021-04-14,0,0,0,0,0,0,0,0,0,0
2021-04-15,0,0,28000,0,0,0,50000,0,0,0
2021-04-16,0,0,30000,0,0,20000,20000,0,0,0
2021-04-17,0,0,0,0,0,0,0,0,50000,0
2021-04-18,0,0,20000,0,0,0,80000,0,0,0
2021-04-19,0,0,170000,130000,110000,80000,40000,87500,100000,80000
2021-04-20,340000,0,742500,260000,682500,240000,380000,290000,250000,240000
2021-04-21,0,0,22500,30000,0,0,0,0,0,0
2021-04-22,0,0,0,0,80000,0,0,0,0,0
2021-04-23,0,0,0,0,0,0,0,0,0,0
2021-04-24,0,0,0,0,0,0,0,0,0,0
2021-04-25,0,0,0,0,0,0,0,0,0,0
2021-04-26,0,0,0,50000,0,0,0,0,0,0
2021-04-27,0,0,0,0,0,0,0,0,0,0
2021-04-28,0,0,0,0,0,0,0,0,0,0
2021-04-29,0,0,0,0,0,0,0,0,0,0
2021-04-30,0,0,0,0,0,0,0,0,0,0
2021-05-01,0,0,0,0,0,0,0,0,0,0
2021-05-02,0,0,0,0,0,0,0,0,0,0
2021-05-03,0,0,0,0,0,0,0,0,0,0
2021-05-04,0,0,0,0,0,0,0,0,0,0
2021-05-05,0,0,0,0,0,0,0,0,0,0
2021-05-06,0,0,0,0,0,0,0,0,0,0
2021-05-07,0,0,0,0,0,0,0,0,0,0
2021-05-08,0,0,0,0,0,0,0,0,0,0
2021-05-09,0,0,0,0,0,0,0,0,0,0
2021-05-10,0,0,0,0,0,0,0,0,0,0
2021-05-11,0,0,0,0,0,0,0,0,0,0
2021-05-12,0,0,0,0,0,0,0,0,0,0
2021-05-13,130000,0,0,0,0,0,0,0,0,0
2021-05-14,0,0,0,0,0,0,0,0,0,0
2021-05-15,0,0,0,0,0,0,0,0,0,0
2021-05-16,0,0,0,0,0,0,0,0,0,0
2021-05-17,0,0,0,0,0,0,0,0,0,0
2021-05-18,0,0,0,0,0,0,0,0,0,0
2021-05-19,0,0,0,0,0,0,0,0,0,0
2021-05-20,0,0,0,0,0,0,0,0,0,0
2021-05-21,0,0,0,0,0,0,0,0,0,0
2021-05-22,0,0,0,0,0,0,0,0,0,0
2021-05-23,0,0,0,0,0,0,0,0,0,0
2021-05-24,0,0,0,0,0,0,0,0,0,0
2021-05-25,0,0,0,0,0,0,0,0,0,0
2021-05-26,0,0,0,0,0,0,0,0,0,0
2021-05-27,0,0,0,0,0,0,0,0,0,0
2021-05-28,0,0,0,0,0,0,20000,0,0,0
2021-05-29,0,0,0,0,0,0,0,0,0,0
2021-05-30,0,0,0,0,0,0,0,0,0,0
2021-05-31,0,0,0,0,0,0,0,0,0,0
2021-06-01,0,0,0,0,0,0,0,0,30000,0
2021-06-02,0,0,0,0,0,0,0,0,0,0
2021-06-03,0,0,0,0,0,0,0,0,0,0
2021-06-04,0,0,0,0,0,0,0,0,0,0
2021-06-05,0,0,0,0,0,0,0,0,0,0
2021-06-06,0,0,0,0,0,0,0,0,0,0
2021-06-07,0,0,0,0,0,0,0,0,0,0
2021-06-08,0,0,0,0,0,0,0,0,0,0
2021-06-09,0,0,0,0,0,0,0,0,0,0
2021-06-10,0,0,0,0,0,0,0,0,0,0
2021-06-11,0,0,0,0,0,0,0,0,0,0
2021-06-12,0,0,0,0,0,0,0,0,0,0
2021-06-13,0,0,0,0,0,0,0,0,0,0
2021-06-14,0,0,0,0,0,0,0,0,0,0
2021-06-15,0,0,0,0,0,0,0,0,0,0
2021-06-16,0,0,0,0,0,0,0,0,0,0
2021-06-17,0,0,0,0,0,0,0,0,0,0
2021-06-18,0,0,0,0,0,0,0,0,0,0
2021-06-19,0,0,0,0,0,0,0,0,0,0
2021-06-20,0,0,0,0,0,0,0,0,0,0
2021-06-21,0,0,0,0,0,0,0,0,0,0
2021-06-22,0,0,0,0,0,0,0,0,0,0
2021-06-23,0,0,0,0,0,0,0,0,0,0
2021-06-24,0,0,0,0,0,0,0,0,0,0
2021-06-25,0,0,0,0,0,0,0,0,0,0
2021-06-26,0,0,0,0,0,0,0,0,0,0
2021-06-27,0,0,0,0,0,0,0,0,0,0
2021-06-28,0,0,0,0,0,0,0,0,0,0
2021-06-29,0,0,0,0,0,0,0,0,0,0
2021-06-30,0,0,0,0,0,0,45000,0,0,0
2021-07-01,0,0,0,0,0,0,0,0,0,0
2021-07-02,0,0,0,0,0,0,0,0,0,0
2021-07-03,0,0,0,0,0,0,0,0,0,0
2021-07-04,0,0,0,0,0,0,0,0,0,0
2021-07-05,0,0,0,0,0,0,0,0,0,0
2021-07-06,0,0,0,0,0,0,0,0,0,0
2021-07-07,0,0,0,0,0,0,40000,0,30000,0
2021-07-08,0,0,0,0,0,0,0,0,0,0
2021-07-09,0,0,0,0,0,0,0,0,0,0
2021-07-10,0,0,0,0,0,0,0,0,0,0
2021-07-11,0,0,0,0,0,0,0,0,0,0
2021-07-12,0,0,40000,0,0,0,0,0,0,0
2021-07-13,0,0,0,0,0,0,0,0,0,0
2021-07-14,0,0,50000,20000,0,80000,20000,0,0,0
2021-07-15,0,0,0,0,0,0,40000,0,0,0
2021-07-16,0,0,0,80000,0,20000,40000,37500,0,100000
2021-07-17,0,0,30000,0,0,0,60000,0,20000,0
2021-07-18,0,0,30000,30000,0,0,60000,0,80000,60000
2021-07-19,20000,0,148000,20000,290000,89000,80000,0,70000,50000
2021-07-20,340000,20000,816250,170000,420000,220000,240000,270000,210000,150000
2021-07-21,0,0,0,0,170000,0,90000,0,0,0
2021-07-22,0,0,0,50000,0,0,0,0,0,0
2021-07-23,0,0,0,0,0,0,0,0,0,0
2021-07-24,0,0,0,0,0,0,0,0,0,0
2021-07-25,0,0,0,0,0,0,0,0,0,0
2021-07-26,0,0,0,0,0,0,0,0,0,0
2021-07-27,0,0,0,0,0,0,0,0,0,0
2021-07-28,0,0,0,0,0,0,0,0,50000,0
2021-07-29,0,0,0,0,0,0,0,0,0,0
2021-07-30,0,0,0,0,0,0,0,0,0,0
2021-07-31,0,0,0,0,0,0,0,0,20000,0
2021-08-01,0,0,0,0,0,0,0,0,0,0
2021-08-02,0,0,0,0,0,0,0,0,0,0
2021-08-03,0,0,0,0,0,0,0,0,0,0
2021-08-04,0,0,0,0,0,0,0,0,0,0
2021-08-05,0,0,0,0,0,0,0,0,0,0
2021-08-06,0,0,0,0,0,0,0,0,0,0
2021-08-07,0,0,0,0,0,0,0,0,0,0
2021-08-08,0,0,0,0,0,0,0,0,0,0
2021-08-09,0,0,0,0,0,0,0,0,0,0
2021-08-10,0,0,0,0,0,0,0,0,0,0
2021-08-11,0,0,0,0,0,0,0,0,0,0
2021-08-12,0,0,0,0,0,0,0,0,0,0
2021-08-13,0,0,0,0,0,0,0,0,0,0
2021-08-14,0,0,0,0,0,0,0,0,0,0
2021-08-15,0,0,0,0,0,0,0,0,0,0
2021-08-16,0,0,0,0,0,0,0,0,0,0
2021-08-17,0,0,0,0,0,0,0,0,0,0
2021-08-18,0,0,0,0,0,0,0,0,0,0
2021-08-19,0,0,0,0,0,0,0,0,0,0
2021-08-20,0,0,0,0,0,0,0,0,0,0
2021-08-21,0,0,0,0,0,0,0,0,0,0
2021-08-22,0,0,0,0,0,0,0,0,0,0
2021-08-23,0,0,0,0,0,0,0,0,0,0
2021-08-24,0,0,0,0,0,0,0,0,0,0
2021-08-25,0,0,0,0,0,0,0,0,0,0
2021-08-26,0,0,0,0,0,0,0,0,0,0
2021-08-27,0,0,0,0,0,0,0,0,0,0
2021-08-28,0,0,0,0,0,0,0,0,0,0
2021-08-29,0,0,0,0,50000,0,0,0,0,0
2021-08-30,0,0,0,0,0,0,0,0,0,0
2021-08-31,0,0,0,0,0,0,0,0,0,0
2021-09-01,0,0,0,0,0,0,0,0,0,0
2021-09-02,0,0,0,0,0,0,0,0,0,0
2021-09-03,0,0,0,0,0,0,0,0,0,0
2021-09-04,0,0,0,0,0,0,0,0,0,0
2021-09-05,0,0,0,0,0,0,0,0,0,0
2021-09-06,0,0,0,0,0,0,0,0,0,0
2021-09-07,0,0,0,0,0,0,0,0,0,0
2021-09-08,0,0,0,0,0,0,0,0,0,0
2021-09-09,0,0,0,0,0,0,0,0,0,0
2021-09-10,0,0,0,0,0,0,0,0,0,0
2021-09-11,0,0,0,0,0,0,0,0,0,0
2021-09-12,0,0,0,0,0,0,0,0,0,0
2021-09-13,0,0,0,0,0,0,0,0,0,0
2021-09-14,0,0,0,0,0,0,0,0,0,0
2021-09-15,0,0,0,0,0,0,0,0,0,0
2021-09-16,0,0,0,0,0,0,0,0,0,0
2021-09-17,0,0,0,0,0,0,0,0,0,0
2021-09-18,0,0,0,0,0,0,0,0,0,0
2021-09-19,0,0,0,0,0,0,0,0,0,0
2021-09-20,0,0,0,0,0,0,0,0,0,0
2021-09-21,0,0,0,0,0,0,0,0,0,0
2021-09-22,0,0,0,0,0,0,0,0,0,0
2021-09-23,0,0,0,0,0,13500,0,0,0,0
2021-09-24,0,0,0,0,0,0,0,0,0,0
2021-09-25,0,0,0,0,0,0,0,0,0,0
2021-09-26,0,0,0,0,0,0,0,0,0,0
2021-09-27,0,0,0,0,0,0,0,0,0,0
2021-09-28,0,0,0,0,0,0,0,0,0,0
2021-09-29,0,0,0,0,0,0,0,0,0,0
2021-09-30,0,0,0,0,0,0,0,0,0,0
2021-10-01,0,0,0,0,0,0,0,0,0,0
2021-10-02,0,0,0,0,0,0,0,0,0,0
2021-10-03,0,0,0,0,0,0,0,0,0,0
2021-10-04,0,0,0,0,0,0,0,0,0,0
2021-10-05,0,0,0,0,0,0,65000,0,0,0
2021-10-06,0,0,0,0,0,0,0,0,0,0
2021-10-07,0,0,0,0,0,0,0,0,0,0
2021-10-08,0,0,0,0,0,0,0,0,0,0
2021-10-09,0,0,0,0,0,0,0,0,0,0
2021-10-10,0,0,0,0,0,50000,0,0,0,0
2021-10-11,0,0,0,0,0,0,0,0,0,0
2021-10-12,0,0,50000,0,0,0,0,0,50000,0
2021-10-13,0,0,0,0,0,0,20000,0,0,0
2021-10-14,0,0,20000,20000,0,0,0,0,0,0
2021-10-15,0,0,40000,0,0,0,0,50000,0,60000
2021-10-16,0,0,0,20000,10000,0,0,0,0,40000
2021-10-17,0,0,0,0,0,0,0,0,0,0
2021-10-18,70000,0,80000,30000,0,70000,170000,0,20000,0
2021-10-19,75000,0,228750,120000,380000,40000,240000,30000,0,0
2021-10-20,400000,30000,765500,200000,460000,260000,220000,172500,390000,160000
2021-10-21,0,0,0,0,0,0,0,0,0,0
2021-10-22,0,0,0,50000,0,0,0,0,0,0
2021-10-23,0,0,0,0,0,0,0,0,0,0
2021-10-24,0,0,0,0,0,0,0,0,0,0
2021-10-25,0,0,0,0,0,0,0,0,0,0
2021-10-26,0,0,0,0,0,0,0,0,0,0
2021-10-27,0,0,0,0,0,0,0,0,0,0
2021-10-28,0,0,0,0,0,0,0,0,0,0
2021-10-29,0,0,0,0,0,0,0,0,0,0
2021-10-30,0,0,0,0,0,0,0,0,0,0
2021-10-31,0,0,0,0,0,0,0,0,0,0
2021-11-01,0,0,0,0,0,0,0,0,0,0
2021-11-02,0,0,0,0,0,0,0,0,0,0
2021-11-03,0,0,0,0,0,0,0,0,0,0
2021-11-04,0,0,0,0,0,0,0,0,0,0
2021-11-05,0,0,0,0,0,0,0,0,0,0
2021-11-06,0,0,0,0,0,0,0,0,0,0
2021-11-07,0,0,0,0,0,0,0,0,0,0
2021-11-08,0,0,0,0,0,0,0,0,0,0
2021-11-09,0,0,0,0,0,0,0,0,0,0
2021-11-10,0,0,0,0,0,0,0,0,0,0
2021-11-11,0,0,0,0,0,0,0,0,0,0
2021-11-12,0,0,0,0,0,0,0,0,0,0
2021-11-13,0,0,0,0,0,0,0,0,0,0
2021-11-14,0,0,0,0,0,0,0,0,0,0
2021-11-15,0,0,0,0,0,0,0,0,0,0
2021-11-16,0,0,0,0,0,0,0,0,0,0
2021-11-17,0,0,0,0,0,0,0,0,0,0
2021-11-18,0,0,0,0,0,0,0,0,0,0
2021-11-19,0,0,0,0,0,0,0,0,0,0
2021-11-20,0,0,0,0,0,0,0,0,0,0
2021-11-21,0,0,0,0,0,0,0,0,0,0
2021-11-22,0,0,0,0,0,0,0,0,0,0
2021-11-23,0,0,0,0,0,0,0,0,0,0
2021-11-24,0,0,0,0,0,0,0,0,0,0
2021-11-25,0,0,0,0,0,0,0,0,0,0
2021-11-26,0,0,0,0,0,0,0,0,0,0
2021-11-27,0,0,0,0,0,0,0,0,0,0
2021-11-28,0,0,0,0,0,0,0,0,0,0
2021-11-29,0,0,0,0,0,0,0,0,0,0
2021-11-30,0,0,0,0,0,0,0,0,0,0
2021-12-01,0,0,0,0,0,0,0,0,0,0
2021-12-02,0,0,0,0,0,0,0,0,0,0
2021-12-03,0,0,0,0,0,0,0,0,0,0
2021-12-04,0,0,0,0,0,0,0,0,0,0
2021-12-05,0,0,0,0,0,0,0,0,0,0
2021-12-06,0,0,0,0,0,0,0,0,0,0
2021-12-07,0,0,0,0,0,0,0,0,0,0
2021-12-08,0,0,0,0,0,0,0,0,0,0
2021-12-09,0,0,0,0,0,0,0,0,0,0
2021-12-10,0,0,0,0,0,0,0,0,0,0
2021-12-11,0,0,0,0,0,0,0,0,0,0
2021-12-12,0,0,0,0,0,0,0,0,0,0
2021-12-13,0,0,0,0,0,0,0,0,0,0
2021-12-14,0,0,0,0,0,0,0,0,0,0
2021-12-15,0,0,0,0,0,0,0,0,0,0
2021-12-16,0,0,0,0,0,0,0,0,0,0
2021-12-17,0,0,0,0,0,0,0,0,0,0
2021-12-18,0,0,0,0,0,0,0,0,0,0
2021-12-19,0,0,0,0,0,0,0,0,0,0
2021-12-20,0,0,0,0,0,0,0,0,0,0
2021-12-21,0,0,0,0,0,0,0,0,0,0
2021-12-22,0,0,0,0,0,0,0,0,0,0
2021-12-23,0,0,0,0,0,0,0,0,0,0
2021-12-24,0,0,0,0,0,0,0,0,0,0
2021-12-25,0,0,0,0,0,0,0,0,0,0
2021-12-26,0,0,0,0,0,0,0,0,0,0
2021-12-27,0,0,0,0,0,0,0,0,0,0
2021-12-28,0,0,0,0,0,0,0,0,0,0
2021-12-29,0,0,0,0,0,0,0,0,0,0
2021-12-30,0,0,0,0,0,0,0,0,0,0
2021-12-31,0,0,0,0,0,0,0,0,0,0
2022-01-01,0,0,0,0,0,0,0,0,0,0
2022-01-02,0,0,0,0,0,0,0,0,0,0
2022-01-03,0,0,0,0,0,0,0,0,0,0
2022-01-04,0,0,0,0,0,0,65000,0,0,0
2022-01-05,0,0,0,0,0,0,20000,0,0,0
2022-01-06,0,0,0,0,0,0,0,0,0,0
2022-01-07,0,0,0,0,0,0,20000,0,0,0
2022-01-08,0,0,0,0,0,0,0,0,0,0
2022-01-09,0,0,0,0,0,0,0,0,0,0
2022-01-10,0,0,0,0,0,0,0,0,0,0
2022-01-11,0,0,0,0,0,0,0,0,50000,0
2022-01-12,0,0,0,0,0,0,0,10000,0,0
2022-01-13,70000,0,0,60000,0,0,20000,0,0,0
2022-01-14,0,0,0,0,0,0,0,0,0,40000
2022-01-15,0,0,0,0,0,0,0,0,0,0
2022-01-16,20000,0,10000,0,0,13500,0,0,0,0
2022-01-17,0,0,0,0,0,20000,0,0,20000,0
2022-01-18,0,0,98000,0,30000,0,140000,0,0,70000
2022-01-19,110000,100000,282500,140000,0,70000,100000,137500,80000,0
2022-01-20,365000,0,683750,260000,840000,300000,320000,120000,200000,140000
2022-01-21,0,0,0,50000,0,0,0,0,0,0
2022-01-22,0,0,40000,0,0,0,0,0,0,0
2022-01-23,0,0,0,0,0,0,0,0,0,0
2022-01-24,0,0,0,0,0,0,0,0,0,0
2022-01-25,0,0,0,0,0,0,0,0,0,0
2022-01-26,0,0,0,0,0,0,0,0,0,0
2022-01-27,0,0,0,40000,0,0,0,0,0,0
2022-01-28,0,0,0,0,0,0,0,0,0,0
2022-01-29,0,0,0,0,0,0,0,0,0,0
2022-01-30,0,0,0,0,0,0,0,0,0,0
2022-01-31,0,0,0,0,0,0,50000,0,0,0
2022-02-01,0,0,0,0,0,0,0,0,0,0
2022-02-02,0,0,0,0,0,0,0,0,0,0
2022-02-03,0,0,0,0,0,0,0,0,0,0
2022-02-04,0,0,0,0,0,0,0,0,0,0
2022-02-05,0,0,0,0,0,0,0,0,0,0
2022-02-06,0,0,0,0,0,0,0,0,0,0
2022-02-07,0,0,0,0,0,0,0,0,0,0
2022-02-08,0,0,0,0,0,0,0,0,0,0
2022-02-09,0,0,0,0,0,0,0,0,0,0
2022-02-10,0,0,0,0,0,0,0,0,120000,0
2022-02-11,0,0,0,0,0,0,0,0,0,0
2022-02-12,0,0,0,0,0,0,0,0,0,0
2022-02-13,0,0,0,0,0,0,0,0,0,0
2022-02-14,0,0,0,0,0,0,0,0,0,0
2022-02-15,0,0,0,0,0,0,0,0,0,0
2022-02-16,0,0,0,0,0,0,0,0,0,0
2022-02-17,0,0,0,0,0,0,0,0,0,0
2022-02-18,0,0,0,0,0,0,0,0,0,0
2022-02-19,0,0,0,0,0,0,0,0,0,0
2022-02-20,0,0,0,0,0,0,0,0,0,0
2022-02-21,0,0,0,0,0,0,0,0,0,0
2022-02-22,0,0,0,0,0,0,0,0,0,0
2022-02-23,0,0,0,0,0,0,0,0,0,0
2022-02-24,0,0,0,0,0,0,0,0,0,0
2022-02-25,0,0,0,0,0,0,0,0,0,0
2022-02-26,0,0,0,0,0,0,0,0,0,0
2022-02-27,0,0,0,0,0,0,0,0,0,0
2022-02-28,0,0,0,0,0,0,0,0,0,0
2022-03-01,0,0,0,0,0,0,0,0,0,0
2022-03-02,0,0,0,0,0,0,0,0,0,0
2022-03-03,0,0,0,0,0,0,0,0,0,0
2022-03-04,0,0,0,0,0,0,0,0,0,0
2022-03-05,0,0,0,0,0,0,0,0,0,0
2022-03-06,0,0,0,0,0,0,0,0,0,0
2022-03-07,0,0,0,0,0,0,0,0,0,0
2022-03-08,0,0,0,0,0,0,0,0,0,0
2022-03-09,0,0,0,0,0,0,0,0,0,0
2022-03-10,0,0,0,0,0,0,0,0,0,0
2022-03-11,0,0,0,0,0,0,0,0,0,0
2022-03-12,0,0,0,0,0,0,0,0,0,0
2022-03-13,0,0,0,0,0,0,0,0,0,0
2022-03-14,0,0,0,0,0,0,0,0,0,0
2022-03-15,0,0,0,0,0,2880000,0,0,0,0
2022-03-16,0,0,0,0,0,0,0,0,0,0
2022-03-17,0,0,0,0,0,0,0,0,0,0
2022-03-18,0,0,0,0,0,0,0,0,0,0
2022-03-19,0,0,0,0,0,0,0,0,0,0
2022-03-20,0,0,0,0,0,0,0,0,0,0
2022-03-21,0,0,0,0,0,0,0,0,0,0
2022-03-22,0,0,0,0,0,0,0,0,0,0
2022-03-23,0,0,0,0,0,0,0,0,0,0
2022-03-24,0,0,0,0,0,0,0,0,0,0
2022-03-25,0,0,0,0,0,0,0,0,0,0
2022-03-26,0,0,0,0,0,0,0,0,0,0
2022-03-27,0,0,0,0,0,0,0,0,0,0
2022-03-28,0,0,0,0,0,0,0,0,0,0
2022-03-29,0,0,0,0,0,0,0,0,0,0
2022-03-30,0,0,0,0,0,0,0,0,0,0
2022-03-31,0,0,0,0,0,0,0,0,0,0
2022-04-01,0,0,0,50000,0,0,20000,0,0,0
2022-04-02,0,0,0,0,0,0,0,0,0,0
2022-04-03,0,0,0,0,0,27305,0,0,0,0
2022-04-04,0,0,0,0,0,0,20000,0,0,0
2022-04-05,0,0,0,0,0,0,0,0,0,0
2022-04-06,50000,0,0,0,0,0,0,0,0,0
2022-04-07,0,0,0,0,0,0,0,0,50000,0
2022-04-08,0,0,0,0,80000,0,0,0,0,0
2022-04-09,0,0,0,0,0,0,0,0,0,0
2022-04-10,0,0,0,0,0,0,0,0,0,0
2022-04-11,0,0,0,0,0,13500,0,0,0,0
2022-04-12,0,0,0,30000,0,0,0,0,0,0
2022-04-13,0,0,20000,0,0,0,20000,0,0,0
2022-04-14,40000,0,0,0,0,0,10000,0,0,0
2022-04-15,30000,50000,70000,0,0,0,30000,0,0,0
2022-04-16,0,0,0,0,0,0,0,0,0,0
2022-04-17,0,0,0,0,0,0,80000,0,0,0
2022-04-18,20000,20000,48000,90000,0,120000,0,0,80000,100000
2022-04-19,110000,20000,372000,120000,80000,140000,370000,77500,60000,110000
2022-04-20,5285000,5730000,4226250,3625000,3430000,3650000,3350000,4650000,3840000,1030000
2022-04-21,0,0,0,0,30000,0,0,0,0,0
2022-04-22,0,0,40000,0,0,0,0,0,0,0
2022-04-23,0,0,0,0,0,0,50000,0,0,0
2022-04-24,0,0,0,0,0,0,0,0,0,0
2022-04-25,0,0,0,0,0,0,0,0,0,0
2022-04-26,0,0,0,0,0,0,0,0,0,0
2022-04-27,0,0,0,0,0,0,0,0,0,0
2022-04-28,0,0,0,0,0,0,0,0,0,0
2022-04-29,0,0,0,0,0,0,0,0,0,0
2022-04-30,0,0,0,0,0,0,0,0,0,0
2022-05-01,0,0,0,0,0,0,0,0,0,0
2022-05-02,0,0,0,0,0,0,0,0,0,0
2022-05-03,0,0,0,0,0,0,0,0,0,0
2022-05-04,0,0,0,0,0,0,0,0,0,0
2022-05-05,0,0,0,0,0,0,0,0,0,0
2022-05-06,0,0,0,0,0,0,0,0,0,0
2022-05-07,0,0,0,0,0,0,0,0,0,0
2022-05-08,0,0,0,0,0,0,0,0,0,0
2022-05-09,0,0,0,0,0,0,0,0,0,0
2022-05-10,0,0,0,0,0,0,0,0,0,0
2022-05-11,0,0,0,0,0,0,0,0,0,0
2022-05-12,0,0,0,0,0,0,0,0,0,0
2022-05-13,0,0,0,0,0,0,0,0,0,0
2022-05-14,0,0,0,0,0,0,0,0,0,0
2022-05-15,0,0,0,0,0,0,0,0,0,0
2022-05-16,0,0,0,0,0,0,0,0,0,0
2022-05-17,0,0,0,0,0,0,0,0,0,0
2022-05-18,0,0,0,0,0,0,0,0,0,0
2022-05-19,0,0,0,0,0,0,0,0,0,0
2022-05-20,0,0,0,0,0,0,0,0,0,0
2022-05-21,0,0,0,0,0,0,0,0,0,0
2022-05-22,0,0,0,0,0,0,0,0,0,0
2022-05-23,0,0,0,0,0,0,0,0,0,0
2022-05-24,0,0,0,0,0,0,0,0,0,0
2022-05-25,0,0,0,0,0,0,0,0,0,0
2022-05-26,0,0,0,0,0,0,0,0,0,0
2022-05-27,0,0,0,0,0,0,0,0,0,0
2022-05-28,0,0,0,0,0,0,0,0,0,0
2022-05-29,0,0,0,0,0,0,0,0,0,0
2022-05-30,0,0,0,0,0,0,0,0,0,0
2022-05-31,0,0,0,0,0,0,0,0,0,0
2022-06-01,0,0,0,0,0,0,0,0,0,0
2022-06-02,0,0,0,0,0,0,0,0,0,0
2022-06-03,0,0,0,0,0,0,0,0,0,0
2022-06-04,0,0,0,0,0,0,0,0,0,0
2022-06-05,0,0,0,0,0,0,0,0,0,0
2022-06-06,0,0,0,0,0,0,0,0,0,0
2022-06-07,0,0,0,0,0,0,0,0,0,0
2022-06-08,0,0,0,0,0,0,0,0,0,0
2022-06-09,0,0,0,0,0,0,0,0,0,0
2022-06-10,0,0,0,0,0,0,0,0,0,0
2022-06-11,0,0,0,0,0,0,0,0,0,0
2022-06-12,0,0,0,0,0,0,0,0,0,0
2022-06-13,0,0,0,0,0,0,0,0,0,0
2022-06-14,0,0,0,0,0,0,0,0,0,0
2022-06-15,0,0,0,0,0,0,0,0,0,0
2022-06-16,0,0,0,0,0,0,0,0,0,0
2022-06-17,0,0,0,0,0,0,0,0,0,0
2022-06-18,0,0,0,0,0,0,0,0,0,0
2022-06-19,0,0,0,0,0,0,0,0,0,0
2022-06-20,0,0,0,0,0,0,0,0,0,0
2022-06-21,0,0,0,0,0,0,0,0,0,0
2022-06-22,0,0,0,0,0,0,0,0,0,0
2022-06-23,0,0,0,0,30000,30000,0,30000,20000,0
2022-06-24,0,0,0,0,0,0,0,0,0,0
2022-06-25,0,0,0,0,0,0,0,0,0,0
2022-06-26,0,0,0,0,0,0,0,0,0,0
2022-06-27,0,0,0,0,0,0,0,0,0,0
2022-06-28,0,0,0,0,0,0,0,0,0,0
2022-06-29,0,0,0,0,0,0,0,0,0,0
2022-06-30,0,0,0,0,0,0,0,0,0,0
2022-07-01,0,0,0,0,0,28713,0,0,0,0
2022-07-02,0,0,0,0,0,0,0,0,0,0
2022-07-03,0,0,0,0,0,0,0,0,0,0
2022-07-04,0,0,0,0,0,0,0,0,0,0
2022-07-05,0,0,0,0,0,0,0,0,0,0
2022-07-06,0,0,0,0,0,0,0,0,0,0
2022-07-07,0,20000,40000,50000,0,0,20000,0,0,0
2022-07-08,0,0,0,0,0,0,0,0,0,0
2022-07-09,0,0,0,0,0,0,0,0,0,0
2022-07-10,0,0,0,0,0,0,0,0,0,0
2022-07-11,0,0,20000,0,0,0,20000,0,40000,0
2022-07-12,0,0,0,80000,0,0,0,0,0,0
2022-07-13,20000,0,0,0,0,13500,30000,0,0,0
2022-07-14,0,0,0,0,0,20000,0,0,0,0
2022-07-15,0,0,60000,0,0,20000,0,0,0,100000
2022-07-16,0,0,0,0,0,0,0,0,0,0
2022-07-17,0,0,40000,60000,0,50000,0,0,0,0
2022-07-18,110000,160000,55000,30000,50000,150000,30000,0,0,0
2022-07-19,70000,145000,300000,50000,180000,150000,440000,167500,60000,50000
2022-07-20,5385000,6032500,4784250,3395000,3900000,6915000,5990000,2290000,2910000,950000
2022-07-21,0,10000,0,0,0,0,0,0,0,0
2022-07-22,0,30000,40000,0,0,0,0,0,0,0
2022-07-23,0,0,0,0,0,0,0,0,0,0
2022-07-24,0,0,0,0,0,0,0,0,0,0
2022-07-25,0,0,0,0,0,0,45000,0,0,0
2022-07-26,0,0,0,0,0,0,50000,0,0,0
2022-07-27,0,0,0,0,0,0,0,0,0,0
2022-07-28,0,0,0,0,0,0,0,0,0,0
2022-07-29,0,0,0,0,0,0,0,0,0,0
2022-07-30,0,0,0,0,0,0,0,0,50000,0
2022-07-31,0,0,0,0,0,0,0,0,0,0
2022-08-01,0,0,0,0,0,0,0,0,0,0
2022-08-02,0,0,0,0,0,0,0,0,0,0
2022-08-03,0,0,0,0,0,0,0,0,0,0
2022-08-04,0,0,0,0,0,0,0,0,0,0
2022-08-05,0,0,0,0,0,0,0,0,0,0
2022-08-06,0,0,0,0,0,0,0,0,0,0
2022-08-07,0,0,0,0,0,0,0,0,0,0
2022-08-08,0,0,0,50000,0,0,0,0,0,0
2022-08-09,0,0,0,0,0,0,0,0,0,0
2022-08-10,0,0,0,0,0,0,0,0,0,0
2022-08-11,0,0,0,0,0,0,0,0,0,0
2022-08-12,0,0,0,80000,0,0,0,0,0,0
2022-08-13,0,0,0,0,0,0,0,0,0,0
2022-08-14,0,0,0,0,0,0,0,0,0,0
2022-08-15,0,0,0,0,0,0,0,0,0,0
2022-08-16,0,0,0,0,0,0,0,0,0,0
2022-08-17,0,0,0,0,0,0,0,0,0,0
2022-08-18,0,0,0,0,0,0,0,0,0,0
2022-08-19,0,0,0,0,0,0,0,0,0,0
2022-08-20,0,0,0,0,0,0,0,0,0,0
2022-08-21,0,0,0,0,0,0,0,0,0,0
2022-08-22,0,0,0,0,0,0,0,0,0,0
2022-08-23,0,0,0,0,0,0,0,0,0,0
2022-08-24,0,0,0,0,0,0,0,0,0,0
2022-08-25,0,0,0,10000,0,0,0,0,0,0
2022-08-26,0,0,0,0,0,0,0,0,0,0
2022-08-27,0,0,0,0,0,0,0,0,0,0
2022-08-28,0,0,0,0,0,0,0,0,0,0
2022-08-29,0,0,0,0,0,0,0,0,0,0
2022-08-30,0,0,0,0,0,0,0,0,0,0
2022-08-31,0,0,0,0,0,0,0,0,0,0
2022-09-01,0,0,0,0,0,0,0,0,0,0
2022-09-02,0,0,0,0,0,0,0,0,0,0
2022-09-03,0,0,0,0,0,0,0,0,0,0
2022-09-04,0,0,0,0,0,0,0,0,0,0
2022-09-05,0,0,0,0,0,0,0,0,0,0
2022-09-06,0,0,0,0,0,0,0,0,0,0
2022-09-07,0,0,0,0,0,0,0,0,0,0
2022-09-08,0,0,0,0,0,0,0,0,0,0
2022-09-09,0,0,0,0,0,0,0,0,0,0
2022-09-10,0,0,0,0,0,0,0,0,0,0
2022-09-11,0,0,0,0,0,0,0,0,0,0
2022-09-12,0,30000,0,0,0,0,0,0,20000,0
2022-09-13,0,0,0,0,0,0,0,0,0,0
2022-09-14,0,0,0,0,0,0,0,0,0,0
2022-09-15,0,0,0,0,0,0,0,0,0,0
2022-09-16,0,0,0,0,0,0,0,0,0,0
2022-09-17,0,0,0,0,0,0,0,0,0,0
2022-09-18,0,0,0,0,0,0,0,0,0,0
2022-09-19,0,0,0,0,0,0,0,0,0,0
2022-09-20,0,0,0,0,0,0,0,0,0,0
2022-09-21,0,0,0,0,0,0,0,0,0,0
2022-09-22,0,0,0,0,0,0,0,0,0,0
2022-09-23,0,0,0,0,0,0,0,0,0,0
2022-09-24,0,0,0,0,0,0,0,0,0,0
2022-09-25,0,0,0,0,0,0,0,0,0,0
2022-09-26,0,0,0,0,0,0,0,0,0,0
2022-09-27,0,0,0,0,0,0,0,0,0,0
2022-09-28,0,0,0,0,0,0,0,0,0,0
2022-09-29,0,0,0,0,0,0,0,0,0,0
2022-09-30,0,0,0,0,0,0,0,0,0,0
2022-10-01,0,0,0,0,0,27227,0,0,0,0
2022-10-02,0,0,0,0,0,0,0,0,0,0
2022-10-03,0,0,0,0,0,0,0,0,0,0
2022-10-04,0,0,0,0,0,0,0,0,0,0
2022-10-05,0,0,0,0,0,13500,0,0,0,0
2022-10-06,0,0,0,0,0,0,0,0,0,0
2022-10-07,0,0,20000,0,0,0,0,0,0,0
2022-10-08,0,0,0,0,0,0,0,0,0,0
2022-10-09,0,0,0,0,0,0,0,0,0,0
2022-10-10,0,0,0,0,0,0,0,0,0,0
2022-10-11,0,0,0,0,0,50000,40000,0,0,0
2022-10-12,0,0,0,0,0,40000,50000,0,50000,40000
2022-10-13,0,0,0,0,30000,0,10000,0,0,0
2022-10-14,60000,70000,35000,0,0,20000,0,0,0,0
2022-10-15,0,0,0,0,0,0,20000,0,0,0
2022-10-16,0,0,0,0,0,0,0,0,0,0
2022-10-17,90000,80000,40000,170000,0,0,110000,40000,60000,0
2022-10-18,4740000,75000,130000,105000,0,0,60000,0,60000,60000
2022-10-19,90000,180000,202500,120000,40000,245000,235000,67500,120000,0
2022-10-20,5315000,5250000,4236750,3145000,3960000,3470000,3220000,2010000,2440000,1140000
2022-10-21,0,0,40000,0,0,0,0,0,50000,0
2022-10-22,0,0,0,0,0,0,0,0,0,0
2022-10-23,0,0,0,0,0,0,50000,0,0,0
2022-10-24,0,0,0,30000,0,0,0,0,0,0
2022-10-25,0,22500,0,0,0,0,0,0,0,0
2022-10-26,0,0,0,0,0,0,0,0,80000,0
2022-10-27,0,0,0,0,0,0,0,0,0,0
2022-10-28,0,0,40000,0,0,0,0,0,0,0
2022-10-29,0,20000,0,0,0,0,0,0,0,0
2022-10-30,0,0,0,0,0,0,0,0,0,0
2022-10-31,0,0,0,0,0,0,0,0,0,0
2022-11-01,0,0,0,0,0,0,0,0,0,0
2022-11-02,0,0,0,0,0,0,0,0,0,0
2022-11-03,0,0,0,0,0,0,0,0,0,40000
2022-11-04,0,0,0,0,0,0,0,0,0,0
2022-11-05,0,0,0,0,0,0,0,0,0,0
2022-11-06,0,0,0,0,0,0,0,0,0,0
2022-11-07,0,0,0,0,0,0,0,0,0,0
2022-11-08,0,0,0,0,0,0,0,0,0,0
2022-11-09,0,0,0,0,0,0,80000,0,0,0
2022-11-10,0,0,0,0,0,0,0,0,0,0
2022-11-11,0,0,0,70000,0,0,0,0,0,0
2022-11-12,0,0,0,0,0,0,0,0,0,0
2022-11-13,0,0,0,0,0,0,0,0,0,0
2022-11-14,0,0,0,0,0,0,0,0,0,0
2022-11-15,0,0,0,0,0,0,0,0,0,0
2022-11-16,0,0,0,0,0,0,0,0,0,0
2022-11-17,0,0,0,0,0,0,0,0,0,0
2022-11-18,0,0,0,0,0,0,0,0,0,0
2022-11-19,0,0,0,0,0,0,0,0,0,0
2022-11-20,0,0,0,0,0,0,0,0,0,0
2022-11-21,0,0,0,0,0,0,0,0,0,0
2022-11-22,0,0,0,0,0,0,0,0,0,0
2022-11-23,0,0,0,0,0,0,0,0,0,0
2022-11-24,0,0,0,0,0,0,0,0,0,0
2022-11-25,0,0,0,0,0,0,0,0,0,0
2022-11-26,0,0,0,0,0,0,0,0,0,0
2022-11-27,0,0,0,0,0,0,0,0,0,0
2022-11-28,0,0,0,0,0,0,0,0,0,0
2022-11-29,0,0,0,0,0,0,0,0,0,0
2022-11-30,0,0,0,0,0,0,0,0,0,0
2022-12-01,0,0,0,0,0,0,0,0,0,0
2022-12-02,0,0,0,0,0,0,0,0,0,0
2022-12-03,0,0,0,0,0,0,0,0,0,0
2022-12-04,0,0,0,0,0,0,0,0,0,0
2022-12-05,0,0,0,0,0,0,0,0,0,0
2022-12-06,0,0,0,0,0,0,0,0,0,0
2022-12-07,0,0,0,0,0,0,0,0,0,0
2022-12-08,0,0,0,0,0,0,0,0,0,0
2022-12-09,0,0,0,0,0,0,0,0,0,0
2022-12-10,0,0,0,0,0,0,0,0,0,0
2022-12-11,0,0,0,0,0,0,0,0,0,0
2022-12-12,0,0,0,0,0,0,0,0,0,0
2022-12-13,0,0,0,0,0,0,0,0,0,0
2022-12-14,0,0,0,0,0,0,0,0,0,0
2022-12-15,0,0,0,0,0,0,0,0,0,0
2022-12-16,0,0,0,0,0,0,0,0,0,0
2022-12-17,0,0,0,0,0,0,0,0,0,0
2022-12-18,0,0,0,0,0,0,0,0,0,0
2022-12-19,0,0,0,0,0,0,0,0,0,60000
2022-12-20,0,0,0,0,0,0,0,0,0,0
2022-12-21,0,0,0,0,0,0,0,0,0,0
2022-12-22,0,0,0,0,0,0,0,0,0,0
2022-12-23,0,0,0,0,0,0,0,0,0,0
2022-12-24,0,0,0,0,0,0,0,0,0,0
2022-12-25,0,0,0,0,0,0,0,0,0,0
2022-12-26,0,0,0,0,0,0,0,0,0,0
2022-12-27,0,0,0,0,0,0,0,0,0,0
2022-12-28,0,0,0,0,0,0,0,0,0,0
2022-12-29,0,0,0,0,0,0,0,0,0,0
2022-12-30,0,0,0,0,0,0,0,0,0,4250000
2022-12-31,0,0,0,0,0,0,0,0,0,0
