Date,Open,High,Low,Close,Adj Close,Volume
2019-04-18,23.75,25.18,23.05,24.40,24.40,87109500
2019-04-22,24.62,25.68,23.57,24.99,24.99,19746800
2019-04-23,25.38,27.75,25.23,25.85,25.85,19245400
2019-04-24,26.50,27.03,25.93,26.80,26.80,9477200
2019-04-25,27.45,29.40,26.67,28.80,28.80,16648300
2019-04-26,29.84,30.68,28.37,29.85,29.85,16825600
2019-04-29,30.77,34.41,29.86,34.26,34.26,25616700
2019-04-30,35.20,35.29,30.53,30.98,30.98,35885700
2019-05-01,31.50,32.89,30.50,31.23,31.23,13981300
2019-05-02,31.62,31.68,28.86,29.74,29.74,14052400
2019-05-03,29.55,30.55,28.12,28.36,28.36,10611000
2019-05-06,27.67,30.00,26.90,29.50,29.50,9930600
2019-05-07,29.67,29.75,28.16,28.69,28.69,6310900
2019-05-08,28.46,30.20,28.37,29.51,29.51,7115900
2019-05-09,29.09,29.26,28.42,28.75,28.75,4507200
2019-05-10,29.08,29.45,27.66,29.05,29.05,5709000
2019-05-13,27.80,28.00,26.39,26.63,26.63,9111300
2019-05-14,27.41,29.02,27.02,28.99,28.99,7075100
2019-05-15,28.95,29.10,28.13,28.63,28.63,4492800
2019-05-16,28.85,31.15,28.45,30.86,30.86,17612000
2019-05-17,25.87,28.12,25.70,26.70,26.70,26271800
2019-05-20,27.24,27.24,25.71,25.85,25.85,7269200
2019-05-21,26.30,26.55,25.30,25.41,25.41,6481700
2019-05-22,25.30,25.34,24.10,24.60,24.60,7955700
2019-05-23,24.15,24.33,23.60,23.80,23.80,4718200
2019-05-24,24.00,25.99,23.89,25.50,25.50,7738300
2019-05-28,25.65,26.38,25.41,25.80,25.80,4550900
2019-05-29,25.42,25.78,24.95,25.58,25.58,2537700
2019-05-30,25.54,25.89,25.13,25.51,25.51,1982200
2019-05-31,24.99,25.63,24.75,24.92,24.92,2618000
2019-06-03,24.98,25.14,24.23,24.40,24.40,3691300
2019-06-04,24.86,24.95,24.07,24.20,24.20,3687100
2019-06-05,24.52,25.07,23.91,24.94,24.94,2703200
2019-06-06,24.94,25.97,24.91,25.81,25.81,3573700
2019-06-07,26.00,27.74,25.97,27.61,27.61,6580200
2019-06-10,27.84,28.95,27.07,27.94,27.94,5750900
2019-06-11,28.18,28.19,26.17,26.48,26.48,4269000
2019-06-12,26.23,27.50,26.21,27.05,27.05,3160100
2019-06-13,27.29,27.36,26.67,26.95,26.95,1629500
2019-06-14,26.90,27.96,26.50,27.41,27.41,2630300
2019-06-17,27.66,28.73,27.33,27.85,27.85,4439500
2019-06-18,29.46,29.81,28.22,28.80,28.80,8769900
2019-06-19,29.00,29.10,27.56,28.09,28.09,3978800
2019-06-20,28.84,29.08,27.44,27.54,27.54,3975900
2019-06-21,27.32,27.98,27.22,27.98,27.98,5794600
2019-06-24,27.98,28.11,26.57,26.69,26.69,3242900
2019-06-25,26.55,27.09,25.82,26.14,26.14,2658700
2019-06-26,26.37,26.69,25.86,26.23,26.23,1960000
2019-06-27,26.33,27.37,26.30,27.23,27.23,2281800
2019-06-28,27.37,27.65,26.60,27.22,27.22,2714500
2019-07-01,27.60,28.05,26.44,26.68,26.68,3739800
2019-07-02,26.80,27.16,26.41,26.91,26.91,2749000
2019-07-03,26.94,27.69,26.94,27.47,27.47,2329600
2019-07-05,27.47,27.50,26.82,27.25,27.25,1870500
2019-07-08,27.20,27.85,26.66,26.77,26.77,2410700
2019-07-09,26.77,27.07,26.51,26.72,26.72,1793000
2019-07-10,26.96,27.37,26.30,26.58,26.58,2727400
2019-07-11,26.71,26.72,25.87,26.10,26.10,2843900
2019-07-12,26.23,26.75,26.13,26.41,26.41,1576400
2019-07-15,26.58,26.89,26.39,26.67,26.67,1633300
2019-07-16,26.66,26.99,26.30,26.51,26.51,1370400
2019-07-17,26.60,26.71,25.87,25.91,25.91,1815100
2019-07-18,25.72,25.85,25.32,25.78,25.78,1291500
2019-07-19,25.85,26.18,25.51,25.56,25.56,1563700
2019-07-22,25.63,26.47,25.45,26.22,26.22,2757500
2019-07-23,26.52,26.85,26.11,26.78,26.78,2391700
2019-07-24,26.93,28.00,26.85,27.82,27.82,4305300
2019-07-25,27.92,27.97,27.23,27.59,27.59,2253100
2019-07-26,27.98,28.40,27.30,27.64,27.64,2727900
2019-07-29,27.80,28.32,27.18,27.86,27.86,3178800
2019-07-30,27.61,29.00,27.32,28.62,28.62,3728900
2019-07-31,28.59,29.59,28.43,28.99,28.99,4222100
2019-08-01,28.99,29.14,27.91,28.30,28.30,8030300
2019-08-02,32.53,35.21,32.28,33.57,33.57,39770800
2019-08-05,32.90,33.75,32.15,33.72,33.72,9992200
2019-08-06,34.12,34.43,32.01,32.68,32.68,6060600
2019-08-07,32.25,32.68,31.52,32.10,32.10,3776400
2019-08-08,32.10,33.62,31.67,33.39,33.39,3784700
2019-08-09,33.30,34.10,32.81,33.43,33.43,2641700
2019-08-12,33.47,36.10,32.93,33.62,33.62,8901700
2019-08-13,33.46,34.84,33.40,34.42,34.42,3765000
2019-08-14,33.39,33.88,32.14,32.23,32.23,3896900
2019-08-15,33.07,33.20,31.53,32.01,32.01,4178900
2019-08-16,32.63,32.77,32.00,32.22,32.22,2534000
2019-08-19,32.88,34.18,32.58,33.33,33.33,3403900
2019-08-20,33.26,35.05,32.85,34.36,34.36,4895900
2019-08-21,35.13,36.75,35.13,36.56,36.56,8902700
2019-08-22,36.68,36.83,35.02,35.43,35.43,6010800
2019-08-23,34.93,36.25,34.00,34.50,34.50,5000800
2019-08-26,34.88,35.38,34.46,35.38,35.38,2522700
2019-08-27,35.54,36.14,33.28,33.86,33.86,4481900
2019-08-28,33.30,34.18,33.01,33.92,33.92,2231800
2019-08-29,34.36,35.15,34.15,34.76,34.76,2342300
2019-08-30,34.76,35.00,33.64,34.42,34.42,1534000
2019-09-03,33.93,34.67,33.23,33.81,33.81,2279900
2019-09-04,34.27,34.40,32.33,32.62,32.62,3550600
2019-09-05,32.95,33.18,30.80,31.26,31.26,6058500
2019-09-06,31.34,31.48,30.00,30.36,30.36,4555800
2019-09-09,30.46,30.50,27.59,28.20,28.20,10037900
2019-09-10,27.58,29.13,27.35,28.80,28.80,6358200
2019-09-11,29.00,29.76,28.53,29.60,29.60,4371800
2019-09-12,30.20,30.37,29.12,29.77,29.77,4322400
2019-09-13,29.66,30.05,28.80,29.04,29.04,2943100
2019-09-16,28.65,29.83,28.62,29.26,29.26,2042700
2019-09-17,29.00,30.27,28.68,30.11,30.11,6216200
2019-09-18,30.00,30.00,28.71,29.50,29.50,4859000
2019-09-19,29.50,30.55,29.02,30.14,30.14,5198500
2019-09-20,30.23,30.73,29.60,30.22,30.22,6862400
2019-09-23,29.97,30.09,28.34,28.55,28.55,5434200
2019-09-24,28.76,28.79,26.74,27.11,27.11,6651700
2019-09-25,27.07,27.55,26.75,27.11,27.11,3028800
2019-09-26,27.19,27.73,27.15,27.38,27.38,2657900
2019-09-27,27.35,27.45,25.87,26.50,26.50,4565700
2019-09-30,26.37,26.66,25.14,26.45,26.45,8066600
2019-10-01,26.56,26.99,26.25,26.43,26.43,3219200
2019-10-02,25.95,26.88,25.53,26.51,26.51,3825000
2019-10-03,26.43,27.69,25.77,27.37,27.37,4317600
2019-10-04,27.68,28.04,26.88,27.31,27.31,4226200
2019-10-07,27.29,27.46,26.33,26.51,26.51,3520700
2019-10-08,26.04,26.04,25.30,25.63,25.63,3240700
2019-10-09,25.98,25.98,25.48,25.65,25.65,2429800
2019-10-10,25.59,26.30,25.36,25.79,25.79,3078200
2019-10-11,26.00,27.51,25.98,26.89,26.89,6850400
2019-10-14,26.32,26.85,25.83,25.92,25.92,6281400
2019-10-15,25.41,25.60,24.27,25.57,25.57,43258600
2019-10-16,25.00,25.95,24.81,25.74,25.74,15153100
2019-10-17,25.55,26.52,25.48,25.99,25.99,12184600
2019-10-18,26.04,26.20,24.89,25.31,25.31,9649900
2019-10-21,25.83,26.95,25.61,26.76,26.76,15204900
2019-10-22,26.40,27.00,25.78,25.88,25.88,8621500
2019-10-23,25.76,26.30,25.44,25.70,25.70,7082200
2019-10-24,25.82,26.03,25.24,25.77,25.77,5156100
2019-10-25,25.75,26.48,25.65,25.86,25.86,6480200
2019-10-28,26.14,26.30,25.73,26.25,26.25,7044500
2019-10-29,26.10,26.69,25.06,25.57,25.57,10660500
2019-10-30,25.73,25.99,25.03,25.92,25.92,6942700
2019-10-31,26.17,26.38,24.76,25.14,25.14,19917900
2019-11-01,19.63,21.28,18.71,20.86,20.86,77018800
2019-11-04,20.66,21.10,20.23,20.58,20.58,21788900
2019-11-05,20.50,20.78,20.30,20.47,20.47,13235900
2019-11-06,20.35,20.65,19.98,20.04,20.04,11731200
2019-11-07,20.10,20.20,19.60,19.99,19.99,11199700
2019-11-08,19.95,20.20,19.86,20.06,20.06,8667900
2019-11-11,20.09,20.52,19.90,20.40,20.40,9979300
2019-11-12,20.41,20.90,20.16,20.52,20.52,7508500
2019-11-13,20.38,20.40,20.04,20.20,20.20,7061600
2019-11-14,20.16,20.16,19.58,19.60,19.60,6284100
2019-11-15,19.72,20.06,19.53,19.54,19.54,8452100
2019-11-18,19.50,19.66,19.32,19.50,19.50,7980900
2019-11-19,19.56,20.05,19.36,19.68,19.68,6852600
2019-11-20,19.65,19.83,19.32,19.40,19.40,6038600
2019-11-21,19.30,19.51,19.07,19.07,19.07,5806000
2019-11-22,19.09,19.16,18.38,18.65,18.65,14732000
2019-11-25,18.74,19.29,18.64,18.95,18.95,8865500
2019-11-26,19.00,19.75,18.87,19.52,19.52,17571900
2019-11-27,19.66,19.91,19.40,19.81,19.81,5689300
2019-11-29,19.66,19.74,19.38,19.48,19.48,2966200
2019-12-02,19.50,19.51,18.62,18.80,18.80,6708700
2019-12-03,18.47,18.79,18.41,18.43,18.43,8109000
2019-12-04,18.57,18.65,18.24,18.37,18.37,8830200
2019-12-05,18.37,18.60,18.15,18.44,18.44,5894300
2019-12-06,18.48,18.80,18.29,18.76,18.76,4905700
2019-12-09,18.76,19.04,18.21,18.21,18.21,8040200
2019-12-10,18.21,18.25,17.65,17.99,17.99,8828000
2019-12-11,17.89,18.26,17.88,18.20,18.20,5818500
2019-12-12,18.12,18.18,17.64,17.76,17.76,8844000
2019-12-13,17.75,17.98,17.39,17.45,17.45,7967800
2019-12-16,17.50,18.42,17.42,18.21,18.21,12515000
2019-12-17,18.35,18.72,17.97,18.21,18.21,10984200
2019-12-18,18.31,18.79,18.22,18.53,18.53,9483200
2019-12-19,18.53,19.40,18.42,19.09,19.09,11645400
2019-12-20,19.30,19.48,18.90,18.98,18.98,17449100
2019-12-23,19.05,19.13,18.32,18.39,18.39,9231400
2019-12-24,18.35,18.58,18.21,18.48,18.48,2014300
2019-12-26,18.50,18.67,18.23,18.30,18.30,3843200
2019-12-27,18.37,18.78,18.19,18.49,18.49,5025100
2019-12-30,18.50,18.68,18.04,18.11,18.11,5474600
2019-12-31,18.03,18.77,18.03,18.64,18.64,5915500
2020-01-02,18.80,19.10,18.57,18.80,18.80,6334600
2020-01-03,18.60,18.71,18.25,18.36,18.36,5203200
2020-01-06,18.27,19.35,18.22,18.91,18.91,7978900
2020-01-07,18.88,19.42,18.76,19.26,19.26,7471500
2020-01-08,19.25,19.98,19.11,19.72,19.72,7363500
2020-01-09,20.10,20.30,19.51,19.63,19.63,12930300
2020-01-10,19.65,20.15,19.52,19.78,19.78,7780900
2020-01-13,19.95,20.00,19.41,19.62,19.62,7934900
2020-01-14,20.13,22.17,20.05,21.51,21.51,35316700
2020-01-15,22.27,22.95,21.62,21.76,21.76,31932000
2020-01-16,22.24,23.00,22.06,22.95,22.95,18934500
2020-01-17,24.02,24.05,22.82,23.00,23.00,28318800
2020-01-21,23.02,23.06,21.93,22.30,22.30,16684500
2020-01-22,22.52,22.93,22.28,22.42,22.42,11119800
2020-01-23,22.57,23.05,22.12,22.61,22.61,12887600
2020-01-24,22.83,23.18,22.18,22.44,22.44,11306500
2020-01-27,21.26,21.86,20.77,21.83,21.83,14582800
2020-01-28,21.91,22.29,21.87,22.18,22.18,6826800
2020-01-29,22.37,22.87,22.27,22.62,22.62,7429800
2020-01-30,22.14,22.43,21.56,22.20,22.20,11561900
2020-01-31,22.37,22.39,21.56,22.03,22.03,9302600
2020-02-03,22.06,22.48,22.00,22.35,22.35,7269200
2020-02-04,22.51,22.90,22.44,22.46,22.46,11234500
2020-02-05,22.70,22.70,21.54,21.91,21.91,12421700
2020-02-06,22.19,23.30,21.91,23.01,23.01,29364000
2020-02-07,26.99,27.25,25.19,25.20,25.20,60547700
2020-02-10,24.64,25.18,24.01,24.29,24.29,31964000
2020-02-11,24.41,24.93,23.85,24.03,24.03,18332400
2020-02-12,24.33,24.37,23.70,23.94,23.94,15373300
2020-02-13,23.73,24.17,23.50,23.54,23.54,17380600
2020-02-14,23.00,23.79,22.98,23.22,23.22,16939800
2020-02-18,23.20,23.69,22.66,22.76,22.76,11171000
2020-02-19,22.81,23.86,22.64,23.60,23.60,13889600
2020-02-20,23.88,24.39,23.18,23.54,23.54,11347900
2020-02-21,23.34,23.44,22.30,22.48,22.48,12294300
2020-02-24,21.24,21.98,21.07,21.65,21.65,12468100
2020-02-25,21.72,22.09,20.70,20.96,20.96,14678600
2020-02-26,20.96,21.44,19.76,20.31,20.31,15987300
2020-02-27,19.74,20.71,19.27,20.21,20.21,17688800
2020-02-28,18.94,20.13,18.92,19.50,19.50,26169800
2020-03-02,19.90,20.00,19.05,20.00,20.00,14254100
2020-03-03,20.00,20.18,19.20,19.28,19.28,9795700
2020-03-04,19.65,19.82,19.16,19.80,19.80,8670100
2020-03-05,19.43,19.58,18.65,18.94,18.94,9300300
2020-03-06,18.50,18.70,17.82,18.51,18.51,12322500
2020-03-09,17.00,17.48,16.20,16.21,16.21,13991100
2020-03-10,16.96,17.05,15.82,16.74,16.74,10301400
2020-03-11,16.16,16.34,14.94,15.45,15.45,14318700
2020-03-12,13.81,14.23,12.19,13.31,13.31,23981100
2020-03-13,14.14,14.31,13.31,14.31,14.31,13005600
2020-03-16,12.82,12.82,11.36,11.64,11.64,18504600
2020-03-17,11.65,12.78,10.51,12.65,12.65,15405500
2020-03-18,11.55,12.40,10.10,10.92,10.92,13387600
2020-03-19,10.60,13.05,10.40,12.61,12.61,14851400
2020-03-20,13.13,13.61,12.01,12.21,12.21,10624600
2020-03-23,12.12,12.88,11.47,12.52,12.52,9910100
2020-03-24,13.46,14.28,12.99,14.26,14.26,14813100
2020-03-25,14.60,14.95,13.67,14.03,14.03,14894700
2020-03-26,14.00,15.58,13.95,15.20,15.20,10981100
2020-03-27,14.60,15.47,14.45,14.94,14.94,10767500
2020-03-30,14.88,15.51,14.32,15.42,15.42,10071400
2020-03-31,15.42,16.13,15.09,15.44,15.44,8506800
2020-04-01,14.60,14.69,13.87,14.17,14.17,9082500
2020-04-02,14.08,14.72,13.40,13.70,13.70,7888600
2020-04-03,13.56,14.00,13.38,13.82,13.82,5696600
2020-04-06,14.62,15.28,14.43,15.21,15.21,8265200
2020-04-07,15.75,16.06,14.82,15.06,15.06,10629700
2020-04-08,16.57,17.00,15.90,16.83,16.83,24639900
2020-04-09,17.01,17.66,16.23,16.75,16.75,13323300
2020-04-13,16.76,16.76,16.14,16.47,16.47,6450000
2020-04-14,16.91,17.42,16.68,17.24,17.24,8475800
2020-04-15,16.74,17.37,16.33,17.03,17.03,9345400
2020-04-16,17.20,17.33,16.45,17.01,17.01,7980700
2020-04-17,17.65,17.75,17.23,17.45,17.45,6077700
2020-04-20,17.05,18.13,17.00,17.43,17.43,10708500
2020-04-21,17.05,17.52,16.43,16.87,16.87,11294900
2020-04-22,17.49,19.49,17.49,19.26,19.26,24176100
2020-04-23,19.19,19.31,18.55,18.85,18.85,8599200
2020-04-24,19.04,20.70,18.87,20.62,20.62,16764100
2020-04-27,20.96,21.56,20.58,20.78,20.78,14820700
2020-04-28,21.02,21.02,19.56,19.89,19.89,8637300
2020-04-29,20.74,21.10,20.40,20.85,20.85,10446600
2020-04-30,20.82,21.06,20.38,20.66,20.66,10020600
2020-05-01,19.97,20.43,19.64,19.75,19.75,9314000
2020-05-04,19.51,21.49,19.21,21.43,21.43,11793300
2020-05-05,21.60,22.08,20.66,20.81,20.81,27864800
2020-05-06,17.64,18.62,17.20,17.72,17.72,39651500
2020-05-07,17.99,18.98,17.90,18.70,18.70,20315700
2020-05-08,19.00,19.86,18.81,19.79,19.79,16211400
2020-05-11,19.07,19.32,18.57,18.61,18.61,16376700
2020-05-12,18.92,18.97,17.74,17.76,17.76,16667200
2020-05-13,17.82,18.09,16.54,16.61,16.61,18285500
2020-05-14,16.48,17.09,15.82,17.06,17.06,11330800
2020-05-15,16.87,18.28,16.58,18.24,18.24,12742000
2020-05-18,18.90,18.93,18.30,18.52,18.52,10639700
2020-05-19,18.64,19.44,18.04,18.66,18.66,19239000
2020-05-20,19.00,19.31,18.30,18.89,18.89,12830000
2020-05-21,19.00,19.19,18.31,18.69,18.69,8308600
2020-05-22,18.82,18.89,18.13,18.60,18.60,7853500
2020-05-26,19.20,19.68,19.04,19.50,19.50,13178000
2020-05-27,19.50,19.51,18.25,19.11,19.11,12345700
2020-05-28,19.28,20.23,18.95,19.80,19.80,13932100
2020-05-29,19.75,20.32,19.68,20.29,20.29,12651300
2020-06-01,20.15,20.55,20.05,20.43,20.43,7965900
2020-06-02,20.53,20.89,19.91,20.51,20.51,12044900
2020-06-03,20.73,21.64,20.53,21.44,21.44,9419400
2020-06-04,21.40,22.18,20.95,21.20,21.20,12885500
2020-06-05,21.60,22.70,21.11,22.13,22.13,12161100
2020-06-08,22.35,22.56,21.53,22.19,22.19,19721700
2020-06-09,21.75,22.73,21.71,22.04,22.04,9601500
2020-06-10,21.90,22.53,21.40,22.41,22.41,12002100
2020-06-11,20.91,21.53,20.24,20.26,20.26,12345500
2020-06-12,21.00,21.30,20.35,20.89,20.89,10025100
2020-06-15,20.15,21.31,20.07,21.15,21.15,11299200
2020-06-16,22.00,22.27,21.32,22.20,22.20,8359200
2020-06-17,22.20,22.58,21.38,22.40,22.40,15646900
2020-06-18,22.23,23.32,22.22,23.06,23.06,18077600
2020-06-19,23.37,24.35,23.20,23.21,23.21,20789200
2020-06-22,23.33,24.17,23.26,23.95,23.95,14628500
2020-06-23,24.01,24.33,23.57,24.07,24.07,14326800
2020-06-24,23.82,24.17,22.35,23.17,23.17,12040000
2020-06-25,22.94,23.49,22.36,22.58,22.58,12023100
2020-06-26,22.69,23.74,21.25,21.61,21.61,45955800
2020-06-29,21.20,22.09,20.07,22.04,22.04,14328900
2020-06-30,22.09,22.27,21.46,22.17,22.17,8253600
2020-07-01,22.53,23.60,22.46,23.28,23.28,15591300
2020-07-02,23.95,24.55,23.78,24.11,24.11,18224300
2020-07-06,24.56,26.07,24.31,25.82,25.82,21918200
2020-07-07,25.58,26.30,25.34,25.85,25.85,12016700
2020-07-08,26.13,27.00,25.95,27.00,27.00,16272800
2020-07-09,27.32,27.83,26.77,27.42,27.42,13994600
2020-07-10,27.32,27.35,26.09,26.56,26.56,12810600
2020-07-13,27.07,27.22,24.72,24.77,24.77,11553500
2020-07-14,24.64,25.01,23.76,24.74,24.74,14933700
2020-07-15,25.12,25.70,24.18,24.62,24.62,10930700
2020-07-16,24.39,24.74,24.01,24.65,24.65,8761200
2020-07-17,24.93,25.01,24.41,24.93,24.93,7535300
2020-07-20,24.98,26.15,24.85,26.08,26.08,8068400
2020-07-21,26.50,26.52,25.47,25.72,25.72,10461400
2020-07-22,25.40,25.66,24.75,25.39,25.39,11745300
2020-07-23,25.26,25.42,24.28,24.64,24.64,9939300
2020-07-24,24.22,24.69,23.56,24.54,24.54,9096200
2020-07-27,24.48,24.59,23.84,24.27,24.27,6881100
2020-07-28,24.16,24.46,23.88,24.00,24.00,5295900
2020-07-29,24.33,25.16,24.24,24.95,24.95,9551500
2020-07-30,24.59,25.37,24.41,25.19,25.19,16260300
2020-07-31,24.59,34.50,24.59,34.29,34.29,111658700
2020-08-03,34.60,37.33,34.29,36.08,36.08,45779300
2020-08-04,34.72,35.07,33.80,34.91,34.91,38072700
2020-08-05,35.00,36.28,34.64,35.88,35.88,15411400
2020-08-06,36.26,36.27,35.36,35.90,35.90,10960200
2020-08-07,35.85,37.25,34.30,34.98,34.98,19687900
2020-08-10,36.51,36.79,34.94,35.86,35.86,22474600
2020-08-11,34.93,35.52,34.34,34.40,34.40,11420100
2020-08-12,34.64,35.93,33.56,35.53,35.53,13933500
2020-08-13,35.27,35.75,34.59,34.86,34.86,12172200
2020-08-14,34.75,35.10,34.46,34.68,34.68,7352600
2020-08-17,34.61,35.32,34.19,35.01,35.01,12219500
2020-08-18,35.98,37.29,35.18,35.98,35.98,18262900
2020-08-19,35.79,38.23,34.49,34.53,34.53,29472900
2020-08-20,34.74,34.90,33.65,34.50,34.50,12815000
2020-08-21,34.55,34.75,33.58,34.19,34.19,16864600
2020-08-24,33.95,34.14,32.51,32.90,32.90,16739800
2020-08-25,33.16,34.31,32.85,34.07,34.07,9347000
2020-08-26,34.18,34.98,33.80,34.31,34.31,9093700
2020-08-27,34.43,34.97,33.61,34.49,34.49,10750500
2020-08-28,34.61,35.38,33.95,35.34,35.34,8018100
2020-08-31,35.42,37.11,35.19,36.79,36.79,17002900
2020-09-01,36.87,38.67,36.30,38.36,38.36,20023900
2020-09-02,39.04,39.64,36.91,38.81,38.81,15752400
2020-09-03,37.80,37.97,35.41,35.93,35.93,16725600
2020-09-04,35.32,36.24,32.84,34.38,34.38,14893600
2020-09-08,32.63,35.93,32.49,34.03,34.03,13495600
2020-09-09,34.62,35.91,34.46,35.51,35.51,9472300
2020-09-10,36.00,36.88,34.58,34.69,34.69,9357300
2020-09-11,34.94,35.38,33.17,34.11,34.11,12322500
2020-09-14,35.06,36.62,34.91,36.32,36.32,12820400
2020-09-15,37.01,37.87,36.31,37.61,37.61,13280200
2020-09-16,37.88,37.90,36.59,37.13,37.13,12857300
2020-09-17,35.98,37.58,35.49,36.59,36.59,11343700
2020-09-18,37.05,37.11,35.96,36.88,36.88,23454500
2020-09-21,36.16,37.00,35.77,36.87,36.87,11057600
2020-09-22,37.41,40.59,37.36,40.55,40.55,38464500
2020-09-23,40.54,42.56,39.27,39.55,39.55,34574900
2020-09-24,39.17,39.80,38.06,38.49,38.49,16381600
2020-09-25,38.76,39.96,38.19,39.90,39.90,9279400
2020-09-28,41.11,41.49,40.06,40.98,40.98,12337100
2020-09-29,41.27,41.70,40.50,40.56,40.56,12234000
2020-09-30,40.72,42.16,40.63,41.51,41.51,10862100
2020-10-01,42.29,44.70,41.60,44.53,44.53,30647900
2020-10-02,43.20,44.80,42.72,43.82,43.82,13603100
2020-10-05,44.02,45.20,43.15,44.07,44.07,18275300
2020-10-06,43.86,44.51,42.32,43.01,43.01,14583800
2020-10-07,43.76,44.09,42.90,43.36,43.36,9357700
2020-10-08,44.05,44.09,43.07,43.61,43.61,7737100
2020-10-09,44.02,44.58,43.32,43.39,43.39,11324600
2020-10-12,44.50,45.84,43.81,44.04,44.04,16994900
2020-10-13,44.50,44.76,43.72,44.15,44.15,9151000
2020-10-14,44.48,44.64,43.57,43.99,43.99,8338900
2020-10-15,43.33,43.79,42.67,43.65,43.65,9851900
2020-10-16,45.16,45.70,43.96,44.06,44.06,10908700
2020-10-19,44.20,46.35,44.06,45.82,45.82,19387900
2020-10-20,46.13,46.19,44.61,45.32,45.32,11595300
2020-10-21,49.40,52.05,48.80,49.38,49.38,45491500
2020-10-22,50.35,51.23,48.29,50.81,50.81,15688100
2020-10-23,51.06,53.23,49.63,53.00,53.00,16705300
2020-10-26,53.45,53.87,49.10,50.46,50.46,25385800
2020-10-27,51.00,52.90,50.19,52.52,52.52,17840700
2020-10-28,50.02,50.70,48.57,49.25,49.25,34013200
2020-10-29,64.00,68.93,61.12,62.51,62.51,128101800
2020-10-30,61.11,61.75,57.71,58.95,58.95,57123100
2020-11-02,59.00,59.77,56.31,58.38,58.38,36422200
2020-11-03,58.71,59.94,57.77,59.58,59.58,20781800
2020-11-04,60.08,61.92,59.33,61.45,61.45,21601300
2020-11-05,62.80,63.73,61.51,63.47,63.47,15673000
2020-11-06,63.32,65.47,62.05,64.74,64.74,12283900
2020-11-09,61.00,61.75,57.38,57.75,57.75,19633400
2020-11-10,57.00,57.15,52.06,55.67,55.67,22938900
2020-11-11,56.40,59.99,56.35,59.55,59.55,15981400
2020-11-12,59.26,60.93,58.53,60.26,60.26,12935100
2020-11-13,61.19,62.63,60.08,62.32,62.32,11989700
2020-11-16,61.48,62.65,59.12,62.62,62.62,11595900
2020-11-17,62.47,64.12,61.81,63.35,63.35,9239900
2020-11-18,63.40,65.28,62.70,64.45,64.45,9875900
2020-11-19,64.97,67.19,64.79,65.95,65.95,10876200
2020-11-20,66.50,67.60,66.15,66.85,66.85,7780000
2020-11-23,67.60,68.10,63.63,65.79,65.79,12945200
2020-11-24,65.88,65.88,62.43,64.03,64.03,13584600
2020-11-25,64.26,67.74,64.10,67.42,67.42,10655000
2020-11-27,68.12,70.11,66.89,69.72,69.72,8459200
2020-11-30,70.25,70.63,65.75,70.02,70.02,15082900
2020-12-01,70.91,71.10,67.43,68.21,68.21,8262300
2020-12-02,67.50,68.45,65.01,68.01,68.01,6581900
2020-12-03,68.47,71.37,68.00,69.70,69.70,10601600
2020-12-04,70.14,70.25,66.79,67.31,67.31,9515600
2020-12-07,68.28,70.91,67.91,70.31,70.31,9412500
2020-12-08,70.25,70.80,68.42,69.92,69.92,6097500
2020-12-09,69.90,72.72,67.45,68.47,68.47,10697500
2020-12-10,67.78,71.91,66.60,71.64,71.64,8500900
2020-12-11,71.25,72.88,69.27,71.13,71.13,6914700
2020-12-14,72.17,72.18,69.52,69.79,69.79,6879800
2020-12-15,70.36,70.99,68.95,70.71,70.71,6432700
2020-12-16,70.98,71.57,68.68,70.27,70.27,7565800
2020-12-17,71.70,72.68,70.10,71.00,71.00,10128200
2020-12-18,71.59,71.80,69.81,70.36,70.36,12822100
2020-12-21,69.61,71.63,68.35,69.85,69.85,12656200
2020-12-22,70.29,72.42,69.35,72.35,72.35,9143100
2020-12-23,73.00,75.44,72.65,72.99,72.99,11107200
2020-12-24,73.00,73.41,70.32,71.04,71.04,4552300
2020-12-28,72.00,72.48,66.65,67.79,67.79,8081200
2020-12-29,68.01,69.51,66.60,68.29,68.29,6939400
2020-12-30,68.33,68.53,65.92,67.14,67.14,8639000
2020-12-31,67.31,67.54,65.45,65.90,65.90,6583300
2021-01-04,66.00,69.67,64.50,68.07,68.07,12825700
2021-01-05,67.92,69.41,67.45,68.42,68.42,6482300
2021-01-06,66.03,68.34,64.74,67.11,67.11,9518500
2021-01-07,67.71,71.41,67.71,71.38,71.38,9870700
2021-01-08,72.20,73.57,69.50,71.87,71.87,9102500
2021-01-11,70.81,72.89,69.02,71.70,71.70,7812800
2021-01-12,71.17,75.07,71.17,75.07,75.07,8929900
2021-01-13,76.00,76.88,72.70,72.76,72.76,9793800
2021-01-14,73.45,76.25,70.41,70.96,70.96,13110400
2021-01-15,71.39,71.85,68.92,69.75,69.75,8872300
2021-01-19,71.75,71.95,69.58,71.01,71.01,6820100
2021-01-20,72.00,73.02,69.58,72.64,72.64,6938700
2021-01-21,74.20,74.46,72.21,73.52,73.52,9567900
2021-01-22,73.52,75.40,72.90,73.08,73.08,10136600
2021-01-25,74.46,75.07,68.61,73.37,73.37,13803000
2021-01-26,73.65,74.04,68.57,69.24,69.24,16432500
2021-01-27,65.52,68.87,62.15,64.67,64.67,17567200
2021-01-28,67.32,69.29,66.01,68.51,68.51,11665400
2021-01-29,68.00,69.25,65.91,68.51,68.51,11215400
2021-02-01,69.61,71.99,68.55,70.72,70.72,9755800
2021-02-02,72.48,74.13,71.37,73.87,73.87,10042900
2021-02-03,76.00,77.98,73.03,77.14,77.14,16319200
2021-02-04,78.78,79.15,75.05,77.84,77.84,26599500
2021-02-05,86.20,86.49,79.70,81.96,81.96,46113100
2021-02-08,81.43,81.80,77.94,79.81,79.81,23275900
2021-02-09,79.45,81.70,79.03,79.41,79.41,12494400
2021-02-10,80.90,82.49,78.54,81.12,81.12,13038500
2021-02-11,85.70,87.37,83.50,87.03,87.03,31105300
2021-02-12,86.66,86.98,83.63,84.04,84.04,11050200
2021-02-16,86.55,89.90,86.49,89.15,89.15,19279100
2021-02-17,87.06,87.45,83.63,86.30,86.30,10418500
2021-02-18,85.31,86.80,83.66,85.99,85.99,9162500
2021-02-19,87.41,88.29,85.43,85.90,85.90,7056300
2021-02-22,85.00,86.83,80.44,80.99,80.99,10141100
2021-02-23,74.35,84.93,70.60,84.56,84.56,20293600
2021-02-24,83.85,85.40,81.52,84.17,84.17,8856400
2021-02-25,85.57,86.50,78.69,79.11,79.11,11514400
2021-02-26,80.26,81.59,76.39,80.58,80.58,14156100
2021-03-01,82.57,83.47,80.90,83.32,83.32,8099100
2021-03-02,84.21,85.10,80.28,81.17,81.17,8978800
2021-03-03,81.17,81.71,73.01,74.39,74.39,13224600
2021-03-04,73.01,74.23,66.30,68.84,68.84,22917400
2021-03-05,70.00,70.44,60.33,68.14,68.14,22084600
2021-03-08,68.55,69.67,62.31,62.49,62.49,15086500
2021-03-09,67.03,67.89,64.40,67.48,67.48,13599200
2021-03-10,68.71,70.80,67.21,68.97,68.97,14304000
2021-03-11,71.89,72.28,69.53,71.88,71.88,10089300
2021-03-12,68.81,71.76,67.69,71.75,71.75,9360400
2021-03-15,72.30,72.79,70.10,72.79,72.79,7300600
2021-03-16,73.99,75.10,72.51,73.79,73.79,10032100
2021-03-17,72.40,75.63,71.00,74.95,74.95,10055300
2021-03-18,74.05,74.33,69.11,69.39,69.39,13551400
2021-03-19,69.41,73.23,69.40,73.01,73.01,14247500
2021-03-22,71.80,73.25,70.11,72.35,72.35,14628800
2021-03-23,72.02,72.09,70.60,71.24,71.24,9351400
2021-03-24,71.95,72.72,69.19,69.60,69.60,10598400
2021-03-25,66.38,68.91,65.50,68.21,68.21,11397200
2021-03-26,68.92,69.76,66.82,69.07,69.07,10368300
2021-03-29,68.84,69.84,67.53,69.38,69.38,9408200
2021-03-30,68.72,70.74,68.32,69.31,69.31,7232700
2021-03-31,70.29,74.66,70.18,74.03,74.03,9376700
2021-04-01,75.77,78.67,75.77,77.73,77.73,11505100
2021-04-05,79.37,80.30,77.83,79.53,79.53,11123100
2021-04-06,80.64,84.37,80.43,83.29,83.29,12118600
2021-04-07,82.59,85.55,82.01,83.80,83.80,9861100
2021-04-08,84.99,86.11,83.92,85.98,85.98,8559700
2021-04-09,85.26,86.09,83.13,85.53,85.53,8565400
2021-04-12,85.00,85.00,81.54,83.98,83.98,8730000
2021-04-13,84.46,84.61,82.45,83.90,83.90,7394600
2021-04-14,84.66,88.83,82.97,83.49,83.49,9402000
2021-04-15,84.84,85.16,83.30,84.43,84.43,7782700
2021-04-16,84.08,84.08,75.31,76.22,76.22,35050400
2021-04-19,75.60,75.79,71.51,73.91,73.91,16897000
2021-04-20,73.79,74.24,70.65,71.32,71.32,10904800
2021-04-21,70.86,72.94,69.85,72.51,72.51,9923500
2021-04-22,73.97,74.22,71.43,71.99,71.99,11826400
2021-04-23,74.97,75.89,72.35,74.99,74.99,14231700
2021-04-26,74.89,76.74,74.13,76.73,76.73,9903900
2021-04-27,76.39,78.63,75.95,77.58,77.58,19171800
2021-04-28,69.19,69.67,65.83,66.33,66.33,60523500
2021-04-29,67.11,68.40,65.36,68.21,68.21,21440300
2021-04-30,66.92,67.41,65.81,66.37,66.37,14473300
2021-05-03,66.71,67.37,63.25,63.71,63.71,15241900
2021-05-04,62.93,63.22,59.85,62.30,62.30,21606000
2021-05-05,62.90,63.12,61.25,61.83,61.83,13432300
2021-05-06,61.04,61.08,57.05,59.22,59.22,25708600
2021-05-07,60.10,61.33,58.91,59.86,59.86,15522400
2021-05-10,58.51,60.14,57.19,58.36,58.36,17872200
2021-05-11,55.86,60.34,55.60,59.71,59.71,16676700
2021-05-12,58.44,59.41,55.25,57.12,57.12,15598600
2021-05-13,57.73,57.80,53.94,55.45,55.45,13914500
2021-05-14,55.85,58.30,55.58,58.05,58.05,9818600
2021-05-17,57.50,58.13,56.34,58.10,58.10,7426000
2021-05-18,58.94,60.08,58.16,58.28,58.28,7765500
2021-05-19,56.64,58.70,56.13,58.63,58.63,7106600
2021-05-20,58.72,61.83,58.72,61.34,61.34,13620700
2021-05-21,61.42,61.98,60.47,60.86,60.86,8880300
2021-05-24,61.26,63.52,60.77,62.91,62.91,7441200
2021-05-25,63.13,64.51,62.75,63.76,63.76,8825500
2021-05-26,62.22,63.46,60.84,62.94,62.94,12483300
2021-05-27,63.00,64.70,62.06,64.30,64.30,9377700
2021-05-28,64.75,65.85,64.46,65.30,65.30,9627800
2021-06-01,66.00,66.63,63.88,64.37,64.37,6973400
2021-06-02,64.39,64.48,63.19,64.07,64.07,7326400
2021-06-03,63.70,64.33,62.42,62.61,62.61,5534900
2021-06-04,63.05,63.69,62.63,62.89,62.89,4927500
2021-06-07,62.88,65.46,62.02,65.43,65.43,7293100
2021-06-08,66.00,68.11,65.55,66.04,66.04,9752000
2021-06-09,66.04,67.59,65.93,66.12,66.12,7873000
2021-06-10,66.36,68.42,66.07,68.25,68.25,7729500
2021-06-11,68.20,69.08,67.89,68.18,68.18,7284900
2021-06-14,68.50,70.00,67.94,68.67,68.67,8206800
2021-06-15,68.79,71.30,68.08,70.54,70.54,20100500
2021-06-16,70.54,71.60,68.70,69.66,69.66,11123000
2021-06-17,69.00,73.48,69.00,73.14,73.14,13446000
2021-06-18,73.17,74.58,72.87,74.19,74.19,14347200
2021-06-21,73.14,73.25,70.02,71.13,71.13,14161800
2021-06-22,71.34,73.65,71.23,73.16,73.16,9047300
2021-06-23,73.50,75.22,73.31,74.79,74.79,8483700
2021-06-24,75.55,76.79,74.81,76.28,76.28,8455200
2021-06-25,76.94,77.46,75.20,76.84,76.84,15657500
2021-06-28,77.33,78.99,76.77,78.80,78.80,7468600
2021-06-29,78.55,79.12,77.41,78.67,78.67,5510100
2021-06-30,78.76,79.28,77.42,78.95,78.95,5830000
2021-07-01,79.39,80.03,78.20,79.86,79.86,7486200
2021-07-02,79.86,80.54,78.76,79.31,79.31,6729100
2021-07-06,79.40,81.67,79.39,80.29,80.29,8197700
2021-07-07,81.19,81.77,77.70,77.72,77.72,7024500
2021-07-08,75.83,76.41,74.12,75.88,75.88,11042800
2021-07-09,75.50,77.15,74.32,76.99,76.99,7164000
2021-07-12,77.23,77.89,73.09,73.34,73.34,12949300
2021-07-13,72.99,73.61,71.34,72.11,72.11,12357500
2021-07-14,73.00,73.49,69.72,69.76,69.76,8008100
2021-07-15,69.72,72.11,68.84,70.03,70.03,7970900
2021-07-16,70.35,70.47,68.38,68.73,68.73,6412100
2021-07-19,67.32,71.67,66.17,71.36,71.36,10792000
2021-07-20,71.60,71.89,69.53,71.43,71.43,7224800
2021-07-21,70.78,72.33,69.98,72.23,72.23,7435600
2021-07-22,72.51,73.08,71.26,72.71,72.71,5256400
2021-07-23,75.66,77.92,74.22,76.91,76.91,15737100
2021-07-26,76.15,77.24,74.85,76.49,76.49,6937900
2021-07-27,75.70,77.29,73.32,74.29,74.29,7160900
2021-07-28,74.91,76.87,73.85,76.65,76.65,7481400
2021-07-29,76.00,76.50,70.35,72.04,72.04,27085000
2021-07-30,59.20,60.88,58.01,58.90,58.90,76387900
2021-08-02,59.31,59.60,56.81,57.12,57.12,25378600
2021-08-03,57.17,60.05,57.12,60.01,60.01,24964900
2021-08-04,60.36,60.94,58.95,60.13,60.13,14707800
2021-08-05,59.65,60.90,59.29,60.33,60.33,10895200
2021-08-06,59.99,60.78,58.38,58.78,58.78,8951000
2021-08-09,58.65,59.41,57.81,58.85,58.85,7971900
2021-08-10,58.91,59.00,56.92,57.24,57.24,11275400
2021-08-11,57.15,57.30,55.67,56.80,56.80,12342900
2021-08-12,56.62,57.21,56.02,56.76,56.76,5954300
2021-08-13,56.88,57.09,55.68,56.06,56.06,8521500
2021-08-16,56.10,56.63,55.03,56.31,56.31,8911100
2021-08-17,55.65,56.26,54.95,56.10,56.10,8471300
2021-08-18,56.00,56.37,54.11,54.15,54.15,9760300
2021-08-19,53.55,54.23,51.95,52.60,52.60,11088500
2021-08-20,52.86,54.22,52.58,53.86,53.86,7104800
2021-08-23,53.92,54.97,53.80,54.73,54.73,6919600
2021-08-24,55.22,55.36,54.45,55.18,55.18,5199100
2021-08-25,55.15,56.23,54.76,56.17,56.17,6834500
2021-08-26,56.21,57.78,56.15,57.24,57.24,10002200
2021-08-27,57.05,57.45,56.65,57.22,57.22,8337800
2021-08-30,56.81,57.00,55.36,56.49,56.49,7770100
2021-08-31,56.36,56.83,55.37,55.57,55.57,12320900
2021-09-01,55.52,58.16,55.52,56.99,56.99,8898500
2021-09-02,57.15,57.55,56.71,56.88,56.88,7412800
2021-09-03,56.92,56.92,55.72,56.59,56.59,4611200
2021-09-07,56.70,56.94,55.02,55.74,55.74,7128300
2021-09-08,55.70,56.25,54.39,54.41,54.41,7321100
2021-09-09,54.37,55.42,53.89,55.12,55.12,6448500
2021-09-10,55.50,55.99,54.23,54.24,54.24,4538800
2021-09-13,54.25,55.32,52.64,55.13,55.13,9783300
2021-09-14,55.10,55.59,54.10,54.43,54.43,5105400
2021-09-15,54.51,54.51,53.15,54.23,54.23,5205300
2021-09-16,53.99,54.57,53.37,54.21,54.21,4538800
2021-09-17,54.54,55.00,54.05,54.77,54.77,8442700
2021-09-20,53.75,53.99,51.56,52.51,52.51,10210000
2021-09-21,53.00,53.48,51.35,52.42,52.42,10160100
2021-09-22,51.64,54.60,51.35,54.18,54.18,8236500
2021-09-23,54.05,55.09,53.88,54.02,54.02,5474300
2021-09-24,53.62,54.47,53.21,54.20,54.20,5257500
2021-09-27,53.45,53.77,52.27,53.77,53.77,5751300
2021-09-28,52.75,53.16,51.05,51.95,51.95,8644800
2021-09-29,52.46,52.80,50.31,50.37,50.37,6129500
2021-09-30,50.57,51.60,50.33,50.95,50.95,5881200
2021-10-01,52.31,54.03,52.12,52.62,52.62,8106800
2021-10-04,52.29,52.31,49.23,49.62,49.62,10999000
2021-10-05,49.99,50.74,49.46,50.00,50.00,8936100
2021-10-06,49.15,50.92,49.01,50.36,50.36,5441500
2021-10-07,51.21,52.47,51.05,51.81,51.81,6395800
2021-10-08,52.04,52.90,51.49,51.64,51.64,4843400
2021-10-11,51.35,51.87,50.82,50.93,50.93,4633000
2021-10-12,51.05,51.66,50.31,51.41,51.41,5760600
2021-10-13,51.80,52.06,51.49,51.57,51.57,5877100
2021-10-14,51.77,53.40,51.19,52.52,52.52,7899400
2021-10-15,52.96,53.27,52.27,52.67,52.67,4626200
2021-10-18,51.66,53.92,51.65,53.59,53.59,9011900
2021-10-19,54.00,56.20,52.90,55.58,55.58,11612600
2021-10-20,56.09,66.00,55.48,62.68,62.68,113376300
2021-10-21,61.91,62.37,60.69,61.35,61.35,28218700
2021-10-22,59.97,60.37,57.63,58.06,58.06,16282300
2021-10-25,49.64,51.39,49.10,50.68,50.68,46619100
2021-10-26,51.00,51.19,47.51,47.89,47.89,21872300
2021-10-27,47.50,48.04,45.30,45.36,45.36,21042900
2021-10-28,45.44,46.29,44.54,45.61,45.61,15397700
2021-10-29,45.50,45.61,44.04,44.64,44.64,12028800
2021-11-01,44.50,45.90,44.48,45.26,45.26,14541500
2021-11-02,45.50,45.51,43.60,44.35,44.35,11168200
2021-11-03,44.17,45.08,43.92,44.68,44.68,7477400
2021-11-04,44.79,45.49,43.50,43.64,43.64,16512100
2021-11-05,44.16,46.98,43.30,46.22,46.22,22809700
2021-11-08,46.18,47.04,45.26,46.56,46.56,11340300
2021-11-09,47.01,47.91,46.21,46.64,46.64,7263900
2021-11-10,46.04,47.14,45.21,45.86,45.86,7523200
2021-11-11,46.17,46.30,44.88,45.01,45.01,7666600
2021-11-12,45.45,46.18,45.18,45.96,45.96,5409800
2021-11-15,46.50,48.86,46.42,47.94,47.94,10847400
2021-11-16,47.88,49.10,47.69,48.79,48.79,8092400
2021-11-17,48.40,48.63,47.41,47.47,47.47,5876200
2021-11-18,47.55,47.60,45.02,46.00,46.00,10332700
2021-11-19,45.94,46.57,44.35,44.76,44.76,6937400
2021-11-22,44.60,44.66,41.87,43.07,43.07,12529100
2021-11-23,42.57,43.07,40.93,41.77,41.77,11685300
2021-11-24,41.38,42.76,41.04,42.34,42.34,8334500
2021-11-26,41.85,42.89,41.48,42.80,42.80,5184700
2021-11-29,42.87,43.24,40.47,40.54,40.54,13330500
2021-11-30,40.78,41.71,39.34,40.06,40.06,13744100
2021-12-01,40.05,40.29,37.21,37.29,37.29,12201300
2021-12-02,36.29,38.00,35.91,37.58,37.58,11462100
2021-12-03,37.43,37.46,35.13,35.84,35.84,11855300
2021-12-06,35.04,38.26,34.56,37.82,37.82,11488800
2021-12-07,38.51,39.84,38.51,38.68,38.68,7094800
2021-12-08,39.00,41.23,38.58,40.52,40.52,8970100
2021-12-09,40.26,41.13,38.42,38.75,38.75,7382900
2021-12-10,39.32,39.33,36.70,37.26,37.26,7280600
2021-12-13,36.99,37.35,35.01,36.04,36.04,11205000
2021-12-14,35.35,36.33,35.28,35.62,35.62,9918600
2021-12-15,35.32,36.30,34.07,36.05,36.05,10914100
2021-12-16,36.47,36.90,34.57,34.93,34.93,12229600
2021-12-17,34.95,37.29,34.11,36.51,36.51,12527000
2021-12-20,35.65,36.31,35.28,35.76,35.76,10048800
2021-12-21,36.03,36.98,35.58,36.74,36.74,9836600
2021-12-22,36.53,38.60,36.20,37.26,37.26,13556900
2021-12-23,37.03,37.66,36.11,37.42,37.42,6259000
2021-12-27,37.02,37.81,36.79,36.93,36.93,7052500
2021-12-28,36.61,37.90,36.33,36.52,36.52,7074000
2021-12-29,36.21,36.57,35.05,35.95,35.95,6911000
2021-12-30,36.00,38.62,35.85,37.95,37.95,9244300
2021-12-31,37.40,38.20,36.32,36.35,36.35,6684600
2022-01-03,36.80,36.95,35.94,36.41,36.41,8505800
2022-01-04,35.17,35.56,32.42,33.13,33.13,22289800
2022-01-05,33.51,34.30,32.50,32.84,32.84,13840300
2022-01-06,32.55,33.40,31.61,32.69,32.69,12147300
2022-01-07,32.65,33.48,32.10,32.42,32.42,8242400
2022-01-10,31.70,32.97,31.01,32.70,32.70,12904700
2022-01-11,33.00,34.38,32.60,34.00,34.00,8739800
2022-01-12,34.27,35.04,33.42,34.43,34.43,9564300
2022-01-13,34.43,34.70,32.89,32.97,32.97,6813200
2022-01-14,32.75,33.21,31.68,32.83,32.83,7306200
2022-01-18,32.28,32.49,31.50,31.69,31.69,7422100
2022-01-19,31.79,32.85,31.53,31.64,31.64,6327600
2022-01-20,32.35,33.79,31.88,31.95,31.95,8918300
2022-01-21,31.46,31.53,29.19,29.45,29.45,16735900
2022-01-24,28.55,31.16,27.75,31.11,31.11,19004300
2022-01-25,29.86,30.21,28.46,28.89,28.89,14064057
